<?xml version="1.0" encoding="UTF-8"?>
<treebank xmlns:saxon="http://saxon.sf.net/"
          xml:lang="grc"
          format="aldt"
          direction="ltr"
          version="1.5">
   <date>2019-01-07 11:34:01 UTC</date>
   <annotator>
      <short/>
      <name/>
      <address/>
      <uri>https://services.perseids.org/llt/segtok</uri>
  </annotator>
   <annotator>
      <short/>
      <name/>
      <address/>
      <uri>http://github.com/latin-language-toolkit/arethusa</uri>
  </annotator>
   <annotator>
      <short>Barbara Moštak</short>
      <name>Barbara Moštak</name>
      <address>barbara.mostak@gmail.com</address>
      <uri>http://data.perseus.org/sosol/users/Barbara%20Mo%C5%A1tak</uri>
  </annotator>
   <annotator>
      <short>nevenjovanovic</short>
      <name>Neven Jovanović</name>
      <address>filologanoga@gmail.com</address>
      <uri>http://data.perseus.org/sosol/users/nevenjovanovic</uri>
  </annotator>
   <sentence id="1" document_id="" subdoc="" span="">
      <word id="1" form="ἔτι" lemma="ἔτι" postag="d--------" relation="" head=""/>
      <word id="2" form="δὲ" lemma="δέ" postag="d--------" relation="" head=""/>
      <word id="3" form="παῖς" lemma="παῖς" postag="n-s---mn-" relation="" head=""/>
      <word id="4" form="ὢν" lemma="εἰμί" postag="v-sppamn-" relation="" head=""/>
      <word id="5" form="ὁμολογεῖται" lemma="ὁμολογέω" postag="v3spie---" relation="" head=""/>
      <word id="6" form="φορᾶς" lemma="φορά" postag="n-s---fg-" relation="" head=""/>
      <word id="7" form="μεστὸς" lemma="μεστός" postag="a-s---mn-" relation="" head=""/>
      <word id="8" form="εἶναι" lemma="εἰμί" postag="v--pna---" relation="" head=""/>
      <word id="9" form="," lemma="punc1" postag="u--------" relation="AuxX" head="0"/>
      <word id="10" form="καὶ" lemma="καί" postag="c--------" relation="" head=""/>
      <word id="11" form="τῇ" lemma="ὁ" postag="l-s---fd-" relation="" head=""/>
      <word id="12" form="μὲν" lemma="μέν" postag="d--------" relation="" head=""/>
      <word id="13" form="φύσει" lemma="φύσις" postag="n-s---fd-" relation="" head=""/>
      <word id="14" form="συνετός" lemma="συνετός" postag="a-s---mn-" relation="" head=""/>
      <word id="15" form="," lemma="punc1" postag="u--------" relation="AuxX" head="0"/>
      <word id="16" form="τῇ" lemma="ὁ" postag="l-s---fd-" relation="" head=""/>
      <word id="17" form="δὲ" lemma="δέ" postag="d--------" relation="" head=""/>
      <word id="18" form="προαιρέσει" lemma="προαίρεσις" postag="n-s---fd-" relation="" head=""/>
      <word id="19" form="μεγαλοπράγμων" lemma="μεγαλοπράγμων" postag="a-s---mn-" relation="" head=""/>
      <word id="20" form="καὶ" lemma="καί" postag="c--------" relation="" head=""/>
      <word id="21" form="πολιτικός" lemma="πολιτικός" postag="a-s---mn-" relation="" head=""/>
      <word id="22" form="." lemma="punc1" postag="u--------" relation="AuxK" head="0"/>
   </sentence>
   <sentence id="2" document_id="" subdoc="" span="">
      <word id="1" form="ἐν" lemma="ἐν" postag="r--------" relation="" head=""/>
      <word id="2" form="γὰρ" lemma="γάρ" postag="d--------" relation="" head=""/>
      <word id="3" form="ταῖς" lemma="ὁ" postag="l-p---fd-" relation="" head=""/>
      <word id="4" form="ἀνέσεσι" lemma="ἄνεσις" postag="n-p---fd-" relation="" head=""/>
      <word id="5" form="καὶ" lemma="καί" postag="c--------" relation="" head=""/>
      <word id="6" form="σχολαῖς" lemma="σχολή" postag="n-p---fd-" relation="" head=""/>
      <word id="7" form="ἀπὸ" lemma="ἀπό" postag="r--------" relation="" head=""/>
      <word id="8" form="τῶν" lemma="ὁ" postag="l-p---ng-" relation="" head=""/>
      <word id="9" form="μαθημάτων" lemma="μάθημα" postag="n-p---ng-" relation="" head=""/>
      <word id="10" form="γινόμενος" lemma="γίγνομαι" postag="v-sppemn-" relation="" head=""/>
      <word id="11" form="οὐκ" lemma="οὐ" postag="d--------" relation="" head=""/>
      <word id="12" form="ἔπαιζεν" lemma="παίζω" postag="v3siia---" relation="" head=""/>
      <word id="13" form="οὐδʼ" lemma="οὐδέ" postag="c--------" relation="" head=""/>
      <word id="14" form="ἐρρᾳθύμει" lemma="ῥᾳθυμέω" postag="v3siia---" relation="" head=""/>
      <word id="15" form="," lemma="punc1" postag="u--------" relation="AuxX" head="0"/>
      <word id="16" form="καθάπερ" lemma="καθά" postag="d--------" relation="" head=""/>
      <word id="17" form="οἱ" lemma="ὁ" postag="l-p---mn-" relation="" head=""/>
      <word id="18" form="λοιποὶ" lemma="λοιπός" postag="a-p---mn-" relation="" head=""/>
      <word id="19" form="παῖδες" lemma="παῖς" postag="n-p---mn-" relation="" head=""/>
      <word id="20" form="," lemma="punc1" postag="u--------" relation="AuxX" head="0"/>
      <word id="21" form="ἀλλʼ" lemma="ἀλλὰ" postag="c--------" relation="" head=""/>
      <word id="22" form="εὑρίσκετο" lemma="εὑρίσκω" postag="v3siie---" relation="" head=""/>
      <word id="23" form="λόγους" lemma="λόγος" postag="n-p---ma-" relation="" head=""/>
      <word id="24" form="τινὰς" lemma="τις" postag="p-p---ma-" relation="" head=""/>
      <word id="25" form="μελετῶν" lemma="μελετάω" postag="v-sppamn-" relation="" head=""/>
      <word id="26" form="καὶ" lemma="καί" postag="c--------" relation="" head=""/>
      <word id="27" form="συνταττόμενος" lemma="συντάσσω" postag="v-sppemn-" relation="" head=""/>
      <word id="28" form="πρὸς" lemma="πρός" postag="r--------" relation="" head=""/>
      <word id="29" form="ἑαυτόν" lemma="ἑαυτοῦ" postag="p-s---ma-" relation="" head=""/>
      <word id="30" form="." lemma="punc1" postag="u--------" relation="AuxK" head="0"/>
   </sentence>
   <sentence id="3" document_id="" subdoc="" span="">
      <word id="1" form="ἦσαν" lemma="εἰμί" postag="v3piia---" relation="" head=""/>
      <word id="2" form="δʼ" lemma="δέ" postag="d-------_" relation="" head=""/>
      <word id="3" form="οἱ" lemma="ὁ" postag="l-p---mn-" relation="" head=""/>
      <word id="4" form="λόγοι" lemma="λόγος" postag="n-p---mn-" relation="" head=""/>
      <word id="5" form="κατηγορία" lemma="κατηγορία" postag="n-s---fn-" relation="" head=""/>
      <word id="6" form="τινὸς" lemma="τις" postag="p-s----g-" relation="" head=""/>
      <word id="7" form="ἢ" lemma="ἤ1" postag="c--------" relation="" head=""/>
      <word id="8" form="συνηγορία" lemma="συνηγορία" postag="n-s---fn-" relation="" head=""/>
      <word id="9" form="τῶν" lemma="ὁ" postag="l-p---mg-" relation="" head=""/>
      <word id="10" form="παίδων" lemma="παῖς" postag="n-p---mg-" relation="" head=""/>
      <word id="11" form="." lemma="punc1" postag="u--------" relation="AuxK" head="0"/>
   </sentence>
   <sentence id="4" document_id="" subdoc="" span="">
      <word id="1" form="ὅθεν" lemma="ὅθεν" postag="d--------" relation="" head=""/>
      <word id="2" form="εἰώθει" lemma="ἔθω" postag="v3slia---" relation="" head=""/>
      <word id="3" form="λέγειν" lemma="λέγω3" postag="v--pna---" relation="" head=""/>
      <word id="4" form="πρὸς" lemma="πρός" postag="r--------" relation="" head=""/>
      <word id="5" form="αὐτὸν" lemma="αὐτός" postag="p-s---ma-" relation="" head=""/>
      <word id="6" form="ὁ" lemma="ὁ" postag="l-s---mn-" relation="" head=""/>
      <word id="7" form="διδάσκαλος" lemma="διδάσκαλος" postag="n-s---mn-" relation="" head=""/>
      <word id="8" form="ὡς" lemma="ὡς" postag="c--------" relation="" head=""/>
      <word id="9" form="οὐδὲν" lemma="οὐδείς" postag="p-s---nn-" relation="" head=""/>
      <word id="10" form="ἔσῃ" lemma="εἰμί" postag="v2sfim---" relation="" head=""/>
      <word id="11" form="," lemma="punc1" postag="u--------" relation="AuxX" head="0"/>
      <word id="12" form="παῖ" lemma="παῖς" postag="n-s---mv-" relation="" head=""/>
      <word id="13" form="," lemma="punc1" postag="u--------" relation="AuxX" head="0"/>
      <word id="14" form="σὺ" lemma="σύ" postag="p2s----n-" relation="" head=""/>
      <word id="15" form="μικρόν" lemma="μικρός" postag="a-s---nn-" relation="" head=""/>
      <word id="16" form="," lemma="punc1" postag="u--------" relation="AuxX" head="0"/>
      <word id="17" form="ἀλλὰ" lemma="ἀλλά" postag="d--------" relation="" head=""/>
      <word id="18" form="μέγα" lemma="μέγας" postag="a-s---nn-" relation="" head=""/>
      <word id="19" form="πάντως" lemma="πάντως" postag="d--------" relation="" head=""/>
      <word id="20" form="ἀγαθὸν" lemma="ἀγαθός" postag="a-s---nn-" relation="" head=""/>
      <word id="21" form="ἢ" lemma="ἤ1" postag="c--------" relation="" head=""/>
      <word id="22" form="κακόν" lemma="κακός" postag="a-s---nn-" relation="" head=""/>
      <word id="23" form="." lemma="punc1" postag="u--------" relation="AuxK" head="0"/>
   </sentence>
   <sentence id="5" document_id="" subdoc="" span="">
      <word id="1" form="ἐπεὶ" lemma="ἐπεί" postag="c--------" relation="" head=""/>
      <word id="2" form="καὶ" lemma="καί" postag="c--------" relation="" head=""/>
      <word id="3" form="τῶν" lemma="ὁ" postag="l-p---fg-" relation="" head=""/>
      <word id="4" form="παιδεύσεων" lemma="παίδευσις" postag="n-p---fg-" relation="" head=""/>
      <word id="5" form="τὰς" lemma="ὁ" postag="l-p---fa-" relation="" head=""/>
      <word id="6" form="μὲν" lemma="μέν" postag="d--------" relation="" head=""/>
      <word id="7" form="ἠθοποιοὺς" lemma="ἠθοποιός" postag="a-p---fa-" relation="" head=""/>
      <word id="8" form="ἢ" lemma="ἤ1" postag="c--------" relation="" head=""/>
      <word id="9" form="πρὸς" lemma="πρός" postag="r--------" relation="" head=""/>
      <word id="10" form="ἡδονήν" lemma="ἡδονή" postag="n-s---fa-" relation="" head=""/>
      <word id="11" form="τινα" lemma="τις" postag="p-s---fa-" relation="" head=""/>
      <word id="12" form="καὶ" lemma="καί" postag="c--------" relation="" head=""/>
      <word id="13" form="χάριν" lemma="χάρις" postag="n-s---fa-" relation="" head=""/>
      <word id="14" form="ἐλευθέριον" lemma="ἐλευθέριος" postag="a-s---fa-" relation="" head=""/>
      <word id="15" form="σπουδαζομένας" lemma="σπουδάζω" postag="v-pppefa-" relation="" head=""/>
      <word id="16" form="ὀκνηρῶς" lemma="ὀκνηρῶς" postag="d-------p" relation="" head=""/>
      <word id="17" form="καὶ" lemma="καί" postag="c--------" relation="" head=""/>
      <word id="18" form="ἀπροθύμως" lemma="ἀπροθύμως" postag="d-------p" relation="" head=""/>
      <word id="19" form="ἐξεμάνθανε" lemma="ἐκμανθάνω" postag="v3siia---" relation="" head=""/>
      <word id="20" form="," lemma="punc1" postag="u--------" relation="AuxX" head="0"/>
      <word id="21" form="τῶν" lemma="ὁ" postag="l-p---fg-" relation="" head=""/>
      <word id="22" form="δὲ" lemma="δέ" postag="d--------" relation="" head=""/>
      <word id="23" form="εἰς" lemma="εἰς" postag="r--------" relation="" head=""/>
      <word id="24" form="σύνεσιν" lemma="σύνεσις" postag="n-s---fa-" relation="" head=""/>
      <word id="25" form="ἢ" lemma="ἤ1" postag="c--------" relation="" head=""/>
      <word id="26" form="πρᾶξιν" lemma="πρᾶξις" postag="n-s---fa-" relation="" head=""/>
      <word id="27" form="λεγομένων" lemma="λέγω3" postag="v-pppefg-" relation="" head=""/>
      <word id="28" form="δῆλος" lemma="δῆλος" postag="a-s---mn-" relation="" head=""/>
      <word id="29" form="ἦν" lemma="εἰμί" postag="v3siia---" relation="" head=""/>
      <word id="30" form="ὑπερορῶν" lemma="ὑπεροράω" postag="v-sppamn-" relation="" head=""/>
      <word id="31" form="παρʼ" lemma="παρά" postag="r--------" relation="" head=""/>
      <word id="32" form="ἡλικίαν" lemma="ἡλικία" postag="n-s---fa-" relation="" head=""/>
      <word id="33" form="," lemma="punc1" postag="u--------" relation="AuxX" head="0"/>
      <word id="34" form="ὡς" lemma="ὡς" postag="c--------" relation="" head=""/>
      <word id="35" form="τῇ" lemma="ὁ" postag="l-s---fd-" relation="" head=""/>
      <word id="36" form="φύσει" lemma="φύσις" postag="n-s---fd-" relation="" head=""/>
      <word id="37" form="πιστεύων" lemma="πιστεύω" postag="v-sppamn-" relation="" head=""/>
      <word id="38" form="." lemma="punc1" postag="u--------" relation="AuxK" head="0"/>
   </sentence>
</treebank>
