<?xml version="1.0" encoding="UTF-8"?>
<treebank xmlns:saxon="http://saxon.sf.net/"
          xml:lang="grc"
          format="aldt"
          direction="ltr"
          version="1.5">
   <date>2019-01-02 14:36:46 UTC</date>
   <annotator>
      <short/>
      <name/>
      <address/>
      <uri>https://services.perseids.org/llt/segtok</uri>
  </annotator>
   <annotator>
      <short/>
      <name/>
      <address/>
      <uri>http://github.com/latin-language-toolkit/arethusa</uri>
  </annotator>
   <annotator>
      <short>dajana</short>
      <name>dajana zlović</name>
      <address>zlovicdajana@gmail.com</address>
      <uri>http://data.perseus.org/sosol/users/dajana%20</uri>
  </annotator>
   <annotator>
      <short>nevenjovanovic</short>
      <name>Neven Jovanović</name>
      <address>filologanoga@gmail.com</address>
      <uri>http://data.perseus.org/sosol/users/nevenjovanovic</uri>
  </annotator>
   <sentence id="1" document_id="" subdoc="" span="">
      <word id="1" form="῎Ιωνες" lemma="῎Ιωνες" postag="n-p---mn-" relation="" head="2"/>
      <word id="2" form="δὲ" lemma="δέ" postag="d--------" relation="" head=""/>
      <word id="3" form="καὶ" lemma="καί" postag="c--------" relation="" head=""/>
      <word id="4" form="Αἰολέες" lemma="Αἰολεύς" postag="n-p---mn-" relation="" head=""/>
      <word id="5" form="," lemma="punc1" postag="u--------" relation="AuxX" head="0"/>
      <word id="6" form="ὡς" lemma="ὡς" postag="c--------" relation="" head=""/>
      <word id="7" form="οἱ" lemma="ὁ" postag="l-p---mn-" relation="" head=""/>
      <word id="8" form="Λυδοὶ" lemma="Λυδός" postag="n-p---mn-" relation="" head=""/>
      <word id="9" form="τάχιστα" lemma="τάχιστα" postag="d-------s" relation="" head=""/>
      <word id="10" form="κατεστράφατο" lemma="καταστρέφω" postag="v3plie---" relation="" head=""/>
      <word id="11" form="ὑπὸ" lemma="ὑπό" postag="r--------" relation="" head=""/>
      <word id="12" form="Περσέων" lemma="Πέρσευς" postag="n-p---mg-" relation="" head=""/>
      <word id="13" form="," lemma="punc1" postag="u--------" relation="AuxX" head="0"/>
      <word id="14" form="ἔπεμπον" lemma="πέμπω" postag="v3piia---" relation="" head=""/>
      <word id="15" form="ἀγγέλους" lemma="ἄγγελος" postag="n-p---ma-" relation="" head=""/>
      <word id="16" form="ἐς" lemma="εἰς" postag="r--------" relation="" head=""/>
      <word id="17" form="Σάρδις" lemma="Σάρδεις" postag="n-p---fa-" relation="" head=""/>
      <word id="18" form="παρὰ" lemma="παρά" postag="r--------" relation="" head=""/>
      <word id="19" form="Κῦρον" lemma="Κῦρος" postag="n-s---ma-" relation="" head=""/>
      <word id="20" form="," lemma="punc1" postag="u--------" relation="AuxX" head="0"/>
      <word id="21" form="ἐθέλοντες" lemma="ἐθέλω" postag="v-pppamn-" relation="" head=""/>
      <word id="22" form="ἐπὶ" lemma="ἐπί" postag="r--------" relation="" head=""/>
      <word id="23" form="τοῖσι" lemma="ὁ" postag="l-p---nd-" relation="" head=""/>
      <word id="24" form="αὐτοῖσι" lemma="αὐτός" postag="p-p---nd-" relation="" head=""/>
      <word id="25" form="εἶναι" lemma="εἰμί" postag="v--pna---" relation="" head=""/>
      <word id="26" form="τοῖσι" lemma="ὁ" postag="l-p---nd-" relation="" head=""/>
      <word id="27" form="καὶ" lemma="καί" postag="c--------" relation="" head=""/>
      <word id="28" form="Κροίσῳ" lemma="Κροῖσος" postag="n-s---md-" relation="" head=""/>
      <word id="29" form="ἦσαν" lemma="εἰμί" postag="v3piia---" relation="" head=""/>
      <word id="30" form="κατήκοοι" lemma="κατήκοος" postag="a-p---mn-" relation="" head=""/>
      <word id="31" form="." lemma="punc1" postag="u--------" relation="AuxK" head="0"/>
   </sentence>
   <sentence id="2" document_id="" subdoc="" span="">
      <word id="1" form="῾Ο" lemma="ὁ" postag="l-s---mn-" relation="" head=""/>
      <word id="2" form="δὲ" lemma="δέ" postag="d--------" relation="" head=""/>
      <word id="3" form="ἀκούσας" lemma="ἀκούω" postag="v-sapamn-" relation="" head=""/>
      <word id="4" form="αὐτῶν" lemma="αὐτός" postag="p-p---mg-" relation="" head=""/>
      <word id="5" form="τὰ" lemma="ὁ" postag="l-p---na-" relation="" head=""/>
      <word id="6" form="προΐσχοντο" lemma="προίσχω" postag="v3piie---" relation="" head=""/>
      <word id="7" form="ἔλεξέ" lemma="λέγω3" postag="v3saia---" relation="" head=""/>
      <word id="8" form="σφι" lemma="σφεῖς" postag="p-p---md-" relation="" head=""/>
      <word id="9" form="λόγον" lemma="λόγος" postag="n-s---ma-" relation="" head=""/>
      <word id="10" form="," lemma="punc1" postag="u--------" relation="AuxX" head="0"/>
      <word id="11" form="ἄνδρα" lemma="ἀνήρ" postag="n-s---ma-" relation="" head=""/>
      <word id="12" form="φὰς" lemma="φημί" postag="v-sppamn-" relation="" head=""/>
      <word id="13" form="αὐλητὴν" lemma="αὐλητής" postag="n-s---ma-" relation="" head=""/>
      <word id="14" form="ἰδόντα" lemma="ὁράω" postag="v-sapama_" relation="" head=""/>
      <word id="15" form="ἰχθῦς" lemma="ἰχθύς" postag="n-p---ma-" relation="" head=""/>
      <word id="16" form="ἐν" lemma="ἐν" postag="r--------" relation="" head=""/>
      <word id="17" form="τῇ" lemma="ὁ" postag="l-s---fd-" relation="" head=""/>
      <word id="18" form="θαλάσσῃ" lemma="θάλασσα" postag="n-s---fd-" relation="" head=""/>
      <word id="19" form="αὐλέειν" lemma="αὐλέω" postag="v--pna---" relation="" head=""/>
      <word id="20" form="," lemma="punc1" postag="u--------" relation="AuxX" head="0"/>
      <word id="21" form="δοκέοντά" lemma="δοκέω" postag="v-sppama-" relation="" head=""/>
      <word id="22" form="σφεας" lemma="σφεῖς" postag="p-p---ma-" relation="" head=""/>
      <word id="23" form="ἐξελεύσεσθαι" lemma="ἐξέρχομαι" postag="v--fnm---" relation="" head=""/>
      <word id="24" form="ἐς" lemma="εἰς" postag="r--------" relation="" head=""/>
      <word id="25" form="γῆν" lemma="γῆ" postag="n-s---fa-" relation="" head=""/>
      <word id="26" form="." lemma="punc1" postag="u--------" relation="AuxK" head="0"/>
   </sentence>
   <sentence id="3" document_id="" subdoc="" span="">
      <word id="1" form="῾Ως" lemma="ὡς" postag="c--------" relation="" head=""/>
      <word id="2" form="δὲ" lemma="δέ" postag="d--------" relation="" head=""/>
      <word id="3" form="ψευσθῆναι" lemma="ψεύδω" postag="v--anp---" relation="" head=""/>
      <word id="4" form="τῆς" lemma="ὁ" postag="l-s---fg-" relation="" head=""/>
      <word id="5" form="ἐλπίδος" lemma="ἐλπίς" postag="n-s---fg-" relation="" head=""/>
      <word id="6" form="," lemma="punc1" postag="u--------" relation="AuxX" head="0"/>
      <word id="7" form="λαβεῖν" lemma="λαμβάνω" postag="v--ana---" relation="" head=""/>
      <word id="8" form="ἀμφίβληστρον" lemma="ἀμφίβληστρον" postag="n-s---na-" relation="" head=""/>
      <word id="9" form="καὶ" lemma="καί" postag="c--------" relation="" head=""/>
      <word id="10" form="περιβαλεῖν" lemma="περιβάλλω" postag="v--ana---" relation="" head=""/>
      <word id="11" form="τε" lemma="τε" postag="d--------" relation="" head=""/>
      <word id="12" form="πλῆθος" lemma="πλῆθος" postag="n-s---na-" relation="" head=""/>
      <word id="13" form="πολλὸν" lemma="πολύς" postag="a-s---na-" relation="" head=""/>
      <word id="14" form="τῶν" lemma="ὁ" postag="l-p---mg-" relation="" head=""/>
      <word id="15" form="ἰχθύων" lemma="ἰχθύς" postag="n-p---mg-" relation="" head=""/>
      <word id="16" form="καὶ" lemma="καί" postag="c--------" relation="" head=""/>
      <word id="17" form="ἐξειρύσαι" lemma="ἐξερύω" postag="v--ana---" relation="" head=""/>
      <word id="18" form="," lemma="punc1" postag="u--------" relation="AuxX" head="0"/>
      <word id="19" form="ἰδόντα" lemma="ὁράω" postag="v-sapama_" relation="" head=""/>
      <word id="20" form="δὲ" lemma="δέ" postag="d--------" relation="" head=""/>
      <word id="21" form="παλλομένους" lemma="πάλλω" postag="v-pppema-" relation="" head=""/>
      <word id="22" form="εἰπεῖν" lemma="εἶπον" postag="v--ana---" relation="" head=""/>
      <word id="23" form="ἄρα" lemma="ἄρα" postag="d--------" relation="" head=""/>
      <word id="24" form="αὐτὸν" lemma="αὐτός" postag="p-s---ma-" relation="" head=""/>
      <word id="25" form="πρὸς" lemma="πρός" postag="r--------" relation="" head=""/>
      <word id="26" form="τοὺς" lemma="ὁ" postag="l-p---ma-" relation="" head=""/>
      <word id="27" form="ἰχθῦς" lemma="ἰχθύς" postag="n-p---ma-" relation="" head=""/>
      <word id="28" form="·" lemma="punc1" postag="u--------" relation="AuxK" head="0"/>
   </sentence>
   <sentence id="4" document_id="" subdoc="" span="">
      <word id="1" form="Παύεσθέ" lemma="παύω" postag="v2ppme---" relation="" head=""/>
      <word id="2" form="μοι" lemma="ἐγώ" postag="p1s---md-" relation="" head=""/>
      <word id="3" form="ὀρχεόμενοι" lemma="ὀρχέομαι" postag="v-pppemn-" relation="" head=""/>
      <word id="4" form="," lemma="punc1" postag="u--------" relation="AuxX" head="0"/>
      <word id="5" form="ἐπεὶ" lemma="ἐπεί" postag="c--------" relation="" head=""/>
      <word id="6" form="οὐδ" lemma="οὐδέ" postag="d-------_" relation="" head=""/>
      <word id="7" form="'" lemma="punc1" postag="u--------" relation="AuxX" head="0"/>
      <word id="8" form="ἐμέο" lemma="ἐγώ" postag="p1s---mg-" relation="" head=""/>
      <word id="9" form="αὐλέοντος" lemma="αὐλέω" postag="v-sppamg-" relation="" head=""/>
      <word id="10" form="ἠθέλετε" lemma="ἐθέλω" postag="v2piia---" relation="" head=""/>
      <word id="11" form="ἐκβαίνειν" lemma="ἐκβαίνω" postag="v--pna---" relation="" head=""/>
      <word id="12" form="ὀρχεόμενοι" lemma="ὀρχέομαι" postag="v-pppemn-" relation="" head=""/>
      <word id="13" form="." lemma="punc1" postag="u--------" relation="AuxX" head="0"/>
   </sentence>
   <sentence id="5" document_id="" subdoc="" span="">
      <word id="1" form="Κῦρος" lemma="Κῦρος" postag="n-s---mn-" relation="" head=""/>
      <word id="2" form="μὲν" lemma="μέν" postag="d--------" relation="" head=""/>
      <word id="3" form="τοῦτον" lemma="οὗτος" postag="p-s---ma-" relation="" head=""/>
      <word id="4" form="τὸν" lemma="ὁ" postag="l-s---ma-" relation="" head=""/>
      <word id="5" form="λόγον" lemma="λόγος" postag="n-s---ma-" relation="" head=""/>
      <word id="6" form="τοῖσι" lemma="ὁ" postag="l-p---md-" relation="" head=""/>
      <word id="7" form="῎Ιωσι" lemma="Ἴωνες" postag="n-p---md-" relation="" head=""/>
      <word id="8" form="καὶ" lemma="καί" postag="c--------" relation="" head=""/>
      <word id="9" form="τοῖσι" lemma="ὁ" postag="l-p---md-" relation="" head=""/>
      <word id="10" form="Αἰολεῦσι" lemma="Αἰολεύς" postag="n-p---md-" relation="" head=""/>
      <word id="11" form="τῶνδε" lemma="ὅδε" postag="p-p---ng-" relation="" head=""/>
      <word id="12" form="εἵνεκα" lemma="ἕνεκα" postag="r--------" relation="" head=""/>
      <word id="13" form="ἔλεξε" lemma="λέγω3" postag="v3saia---" relation="" head=""/>
      <word id="14" form="," lemma="punc1" postag="u--------" relation="AuxX" head="0"/>
      <word id="15" form="ὅτι" lemma="ὅτι2" postag="c--------" relation="" head=""/>
      <word id="16" form="δὴ" lemma="δή" postag="d--------" relation="" head="17"/>
      <word id="17" form="οἱ" lemma="ὁ" postag="l-p---mn-" relation="" head=""/>
      <word id="18" form="῎Ιωνες" lemma="῎Ιωνες" postag="n-p---mn-" relation="" head=""/>
      <word id="19" form="πρότερον" lemma="πρότερον" postag="d-------c" relation="" head=""/>
      <word id="20" form="αὐτοῦ" lemma="αὐτός" postag="p-s---mg-" relation="" head=""/>
      <word id="21" form="Κύρου" lemma="Κῦρος" postag="n-s---mg-" relation="" head=""/>
      <word id="22" form="δεηθέντος" lemma="δέω2" postag="v-sappmg-" relation="" head=""/>
      <word id="23" form="δι" lemma="διά" postag="r--------" relation="" head=""/>
      <word id="24" form="'" lemma="punc1" postag="u--------" relation="AuxX" head="0"/>
      <word id="25" form="ἀγγέλων" lemma="ἄγγελος" postag="n-p---mg-" relation="" head=""/>
      <word id="26" form="ἀπίστασθαί" lemma="ἀφίστημι" postag="v--anm---" relation="" head=""/>
      <word id="27" form="σφεας" lemma="σφεῖς" postag="p-p---ma-" relation="" head=""/>
      <word id="28" form="ἀπὸ" lemma="ἀπό" postag="r--------" relation="" head=""/>
      <word id="29" form="Κροίσου" lemma="Κροῖσος" postag="n-s---mg-" relation="" head=""/>
      <word id="30" form="οὐκ" lemma="οὐ" postag="d--------" relation="" head=""/>
      <word id="31" form="ἐπείθοντο" lemma="πείθω" postag="v3piie---" relation="" head=""/>
      <word id="32" form="," lemma="punc1" postag="u--------" relation="AuxX" head="0"/>
      <word id="33" form="τότε" lemma="τότε" postag="d--------" relation="" head=""/>
      <word id="34" form="δὲ" lemma="δέ" postag="d--------" relation="" head=""/>
      <word id="35" form="κατεργασμένων" lemma="κατεργάζομαι" postag="v-prpeng-" relation="" head=""/>
      <word id="36" form="τῶν" lemma="ὁ" postag="l-p---ng-" relation="" head=""/>
      <word id="37" form="πρηγμάτων" lemma="πρᾶγμα" postag="n-p---ng-" relation="" head=""/>
      <word id="38" form="ἦσαν" lemma="εἰμί" postag="v3piia---" relation="" head=""/>
      <word id="39" form="ἕτοιμοι" lemma="ἑτοῖμος" postag="a-p---mn-" relation="" head=""/>
      <word id="40" form="πείθεσθαι" lemma="πείθω" postag="v--pne---" relation="" head=""/>
      <word id="41" form="Κύρῳ" lemma="Κῦρος" postag="n-s---md-" relation="" head=""/>
      <word id="42" form="." lemma="punc1" postag="u--------" relation="AuxK" head="0"/>
   </sentence>
</treebank>
