<?xml version="1.0" encoding="UTF-8"?>
<treebank xmlns:saxon="http://saxon.sf.net/"
          xml:lang="grc"
          format="aldt"
          direction="ltr"
          version="1.5">
   <date>2018-12-29 09:44:15 UTC</date>
   <annotator>
      <short/>
      <name/>
      <address/>
      <uri>https://services.perseids.org/llt/segtok</uri>
  </annotator>
   <annotator>
      <short/>
      <name/>
      <address/>
      <uri>http://github.com/latin-language-toolkit/arethusa</uri>
  </annotator>
   <annotator>
      <short>dajana</short>
      <name>dajana zlović</name>
      <address>zlovicdajana@gmail.com</address>
      <uri>http://data.perseus.org/sosol/users/dajana%20</uri>
  </annotator>
   <annotator>
      <short>nevenjovanovic</short>
      <name>Neven Jovanović</name>
      <address>filologanoga@gmail.com</address>
      <uri>http://data.perseus.org/sosol/users/nevenjovanovic</uri>
  </annotator>
   <sentence id="1" document_id="" subdoc="" span="">
      <word id="1" form="Oἱ" lemma="ὁ" postag="l-p---mn-" relation="" head=""/>
      <word id="2" form="δὲ" lemma="δέ" postag="d--------" relation="" head=""/>
      <word id="3" form="δημοσίᾳ" lemma="δημοσίᾳ" postag="d--------" relation="" head=""/>
      <word id="4" form="μὲν" lemma="μέν" postag="d--------" relation="" head=""/>
      <word id="5" form="τοῖς" lemma="ὁ" postag="l-p---md-" relation="" head=""/>
      <word id="6" form="λόγοις" lemma="λόγος" postag="n-p---md-" relation="" head=""/>
      <word id="7" form="ἀνεπείθοντο" lemma="ἀναπείθω" postag="v3piie---" relation="" head=""/>
      <word id="8" form="καὶ" lemma="καί" postag="c--------" relation="" head=""/>
      <word id="9" form="οὔτε" lemma="οὔτε" postag="d--------" relation="" head=""/>
      <word id="10" form="πρὸς" lemma="πρός" postag="r--------" relation="" head=""/>
      <word id="11" form="τοὺς" lemma="ὁ" postag="l-p---ma-" relation="" head=""/>
      <word id="12" form="Λακεδαιμονίους" lemma="Λακεδαιμόνιος" postag="a-p---ma-" relation="" head=""/>
      <word id="13" form="ἔτι" lemma="ἔτι" postag="d--------" relation="" head=""/>
      <word id="14" form="ἔπεμπον" lemma="πέμπω" postag="v3piia---" relation="" head=""/>
      <word id="15" form="ἔς" lemma="εἰς" postag="r--------" relation="" head=""/>
      <word id="16" form="τε" lemma="τε" postag="d--------" relation="" head=""/>
      <word id="17" form="τὸν" lemma="ὁ" postag="l-s---ma-" relation="" head=""/>
      <word id="18" form="πόλεμον" lemma="πόλεμος" postag="n-s---ma-" relation="" head=""/>
      <word id="19" form="μᾶλλον" lemma="μᾶλλον" postag="d--------" relation="" head=""/>
      <word id="20" form="ὥρμηντο" lemma="ὁρμάω" postag="v3piie---" relation="" head=""/>
      <word id="21" form="," lemma="punc1" postag="u--------" relation="AuxX" head="0"/>
      <word id="22" form="ἰδίᾳ" lemma="ἴδιος" postag="a-s---fd-" relation="" head=""/>
      <word id="23" form="δὲ" lemma="δέ" postag="d--------" relation="" head=""/>
      <word id="24" form="τοῖς" lemma="ὁ" postag="l-p---nd-" relation="" head=""/>
      <word id="25" form="παθήμασιν" lemma="πάθημα" postag="n-p---nd-" relation="" head=""/>
      <word id="26" form="ἐλυποῦντο" lemma="λυπέω" postag="v3piie---" relation="" head=""/>
      <word id="27" form="," lemma="punc1" postag="u--------" relation="AuxX" head="0"/>
      <word id="28" form="ὁ" lemma="ὁ" postag="l-s---mn-" relation="" head=""/>
      <word id="29" form="μὲν" lemma="μέν" postag="d--------" relation="" head=""/>
      <word id="30" form="δῆμος" lemma="δῆμος" postag="n-s---mn-" relation="" head=""/>
      <word id="31" form="ὅτι" lemma="ὅτι2" postag="c--------" relation="" head=""/>
      <word id="32" form="ἀπ" lemma="ἀπό" postag="r--------" relation="" head=""/>
      <word id="33" form="'" lemma="punc1" postag="u--------" relation="AuxX" head="0"/>
      <word id="34" form="ἐλασσόνων" lemma="ἐλάσσων" postag="a-p----gc" relation="" head=""/>
      <word id="35" form="ὁρμώμενος" lemma="ὁρμάω" postag="v-sppemn-" relation="" head=""/>
      <word id="36" form="ἐστέρητο" lemma="στερέω" postag="v3slie---" relation="" head=""/>
      <word id="37" form="καὶ" lemma="καί" postag="c--------" relation="" head=""/>
      <word id="38" form="τούτων" lemma="οὗτος" postag="p-p---ng-" relation="" head=""/>
      <word id="39" form="," lemma="punc1" postag="u--------" relation="AuxX" head="0"/>
      <word id="40" form="οἱ" lemma="ὁ" postag="l-p---mn-" relation="" head=""/>
      <word id="41" form="δὲ" lemma="δέ" postag="d--------" relation="" head=""/>
      <word id="42" form="δυνατοὶ" lemma="δυνατός" postag="a-p---mn-" relation="" head=""/>
      <word id="43" form="καλὰ" lemma="καλός" postag="a-s---nap" relation="" head=""/>
      <word id="44" form="κτήματα" lemma="κτῆμα" postag="n-p---na-" relation="" head=""/>
      <word id="45" form="κατὰ" lemma="κατά" postag="r--------" relation="" head=""/>
      <word id="46" form="τὴν" lemma="ὁ" postag="l-s---fa-" relation="" head=""/>
      <word id="47" form="χώραν" lemma="χώρα" postag="n-s---fa-" relation="" head=""/>
      <word id="48" form="οἰκοδομίαις" lemma="οἰκοδομία" postag="n-p---fd-" relation="" head=""/>
      <word id="49" form="τε" lemma="τε" postag="d--------" relation="" head=""/>
      <word id="50" form="καὶ" lemma="καί" postag="c--------" relation="" head=""/>
      <word id="51" form="πολυτελέσι" lemma="πολυτελής" postag="a-p---fd-" relation="" head=""/>
      <word id="52" form="κατασκευαῖς" lemma="κατασκευή" postag="n-p---fd-" relation="" head=""/>
      <word id="53" form="ἀπολωλεκότες" lemma="ἀπόλλυμι" postag="v-prpamn-" relation="" head=""/>
      <word id="54" form="," lemma="punc1" postag="u--------" relation="AuxX" head="0"/>
      <word id="55" form="τὸ" lemma="ὁ" postag="l-s---na-" relation="" head=""/>
      <word id="56" form="δὲ" lemma="δέ" postag="d--------" relation="" head=""/>
      <word id="57" form="μέγιστον" lemma="μέγας" postag="a-s---na-" relation="" head=""/>
      <word id="58" form="," lemma="punc1" postag="u--------" relation="AuxX" head="0"/>
      <word id="59" form="πόλεμον" lemma="πόλεμος" postag="n-s---ma-" relation="" head=""/>
      <word id="60" form="ἀντ" lemma="ἀντί" postag="r--------" relation="" head=""/>
      <word id="61" form="'" lemma="punc1" postag="u--------" relation="AuxX" head="0"/>
      <word id="62" form="εἰρήνης" lemma="εἰρήνη" postag="n-s---fg-" relation="" head=""/>
      <word id="63" form="ἔχοντες" lemma="ἔχω" postag="v-pppamn-" relation="" head=""/>
      <word id="64" form="." lemma="punc1" postag="u--------" relation="AuxK" head="0"/>
   </sentence>
   <sentence id="2" document_id="" subdoc="" span="">
      <word id="1" form="οὐ" lemma="οὐ" postag="d--------" relation="" head=""/>
      <word id="2" form="μέντοι" lemma="μέντοι" postag="d--------" relation="" head=""/>
      <word id="3" form="πρότερόν" lemma="πρότερόν" postag="d-------c" relation="" head=""/>
      <word id="4" form="γε" lemma="γε" postag="d--------" relation="" head=""/>
      <word id="5" form="οἱ" lemma="ὁ" postag="l-p---mn-" relation="" head=""/>
      <word id="6" form="ξύμπαντες" lemma="σύμπας" postag="a-p---mn-" relation="" head=""/>
      <word id="7" form="ἐπαύσαντο" lemma="παύω" postag="v3paim---" relation="" head=""/>
      <word id="8" form="ἐν" lemma="ἐν" postag="r--------" relation="" head=""/>
      <word id="9" form="ὀργῇ" lemma="ὀργή" postag="n-s---fd-" relation="" head=""/>
      <word id="10" form="ἔχοντες" lemma="ἔχω" postag="v-pppamn-" relation="" head=""/>
      <word id="11" form="αὐτὸν" lemma="αὐτός" postag="p-s---ma-" relation="" head=""/>
      <word id="12" form="πρὶν" lemma="πρίν" postag="d--------" relation="" head=""/>
      <word id="13" form="ἐζημίωσαν" lemma="ζημιόω" postag="v3paia---" relation="" head=""/>
      <word id="14" form="χρήμασιν" lemma="χρῆμα" postag="n-p---nd-" relation="" head=""/>
      <word id="15" form="." lemma="punc1" postag="u--------" relation="AuxK" head="0"/>
   </sentence>
   <sentence id="3" document_id="" subdoc="" span="">
      <word id="1" form="ὕστερον" lemma="ὕστερον" postag="d-------c" relation="" head=""/>
      <word id="2" form="δ" lemma="δέ" postag="d-------_" relation="" head=""/>
      <word id="3" form="'" lemma="punc1" postag="u--------" relation="AuxX" head="0"/>
      <word id="4" form="αὖθις" lemma="αὖθις" postag="d--------" relation="" head=""/>
      <word id="5" form="οὐ" lemma="οὐ" postag="d--------" relation="" head=""/>
      <word id="6" form="πολλῷ" lemma="πολλῷ" postag="d-------p" relation="" head=""/>
      <word id="7" form="," lemma="punc1" postag="u--------" relation="AuxX" head="0"/>
      <word id="8" form="ὅπερ" lemma="ὅσπερ" postag="p-s---na-" relation="" head=""/>
      <word id="9" form="φιλεῖ" lemma="φιλέω" postag="v3spia---" relation="" head=""/>
      <word id="10" form="ὅμιλος" lemma="ὅμιλος" postag="n-s---mn-" relation="" head=""/>
      <word id="11" form="ποιεῖν" lemma="ποιέω" postag="v--pna---" relation="" head=""/>
      <word id="12" form="," lemma="punc1" postag="u--------" relation="AuxX" head="0"/>
      <word id="13" form="στρατηγὸν" lemma="στρατηγός" postag="n-s---ma-" relation="" head=""/>
      <word id="14" form="εἵλοντο" lemma="αἱρέω" postag="v3paim---" relation="" head=""/>
      <word id="15" form="καὶ" lemma="καί" postag="c--------" relation="" head=""/>
      <word id="16" form="πάντα" lemma="πᾶς" postag="a-p---na-" relation="" head=""/>
      <word id="17" form="τὰ" lemma="ὁ" postag="l-p---na-" relation="" head="18"/>
      <word id="18" form="πράγματα" lemma="πρᾶγμα" postag="n-p---na-" relation="" head=""/>
      <word id="19" form="ἐπέτρεψαν" lemma="ἐπιτρέπω" postag="v3paia---" relation="" head=""/>
      <word id="20" form="," lemma="punc1" postag="u--------" relation="AuxX" head="0"/>
      <word id="21" form="ὧν" lemma="ὅς" postag="p-p---ng-" relation="" head=""/>
      <word id="22" form="μὲν" lemma="μέν" postag="d--------" relation="" head=""/>
      <word id="23" form="περὶ" lemma="περί" postag="r--------" relation="" head=""/>
      <word id="24" form="τὰ" lemma="ὁ" postag="l-p---na-" relation="" head=""/>
      <word id="25" form="οἰκεῖα" lemma="οἰκεῖος" postag="a-p---na-" relation="" head=""/>
      <word id="26" form="ἕκαστος" lemma="ἕκαστος" postag="a-s---mn-" relation="" head=""/>
      <word id="27" form="ἤλγει" lemma="ἀλγέω" postag="v3siia---" relation="" head=""/>
      <word id="28" form="ἀμβλύτεροι" lemma="ἀμβλύς" postag="a-p---mn-" relation="" head=""/>
      <word id="29" form="ἤδη" lemma="ἤδη" postag="d--------" relation="" head=""/>
      <word id="30" form="ὄντες" lemma="εἰμί" postag="v-pppamn-" relation="" head=""/>
      <word id="31" form="," lemma="punc1" postag="u--------" relation="AuxX" head="0"/>
      <word id="32" form="ὧν" lemma="ὅς" postag="p-p---ng-" relation="" head=""/>
      <word id="33" form="δὲ" lemma="δέ" postag="d--------" relation="" head=""/>
      <word id="34" form="ἡ" lemma="ὁ" postag="l-s---fn-" relation="" head=""/>
      <word id="35" form="ξύμπασα" lemma="σύμπας" postag="a-s---fn-" relation="" head=""/>
      <word id="36" form="πόλις" lemma="πόλις" postag="n-s---fn-" relation="" head=""/>
      <word id="37" form="προσεδεῖτο" lemma="προσδέομαι" postag="v3siie---" relation="" head="38"/>
      <word id="38" form="πλείστου" lemma="πλεῖστος" postag="a-s---ng-" relation="" head=""/>
      <word id="39" form="ἄξιον" lemma="ἄξιος" postag="a-s---ma-" relation="" head=""/>
      <word id="40" form="νομίζοντες" lemma="νομίζω" postag="v-pppamn-" relation="" head=""/>
      <word id="41" form="εἶναι" lemma="εἰμί" postag="v--pna---" relation="" head=""/>
      <word id="42" form="." lemma="punc1" postag="u--------" relation="AuxK" head="0"/>
   </sentence>
   <sentence id="4" document_id="" subdoc="" span="">
      <word id="1" form="ὅσον" lemma="ὅσος" postag="a-s---ma-" relation="" head=""/>
      <word id="2" form="τε" lemma="τε" postag="d--------" relation="" head=""/>
      <word id="3" form="γὰρ" lemma="γάρ" postag="d--------" relation="" head=""/>
      <word id="4" form="χρόνον" lemma="χρόνος" postag="n-s---ma-" relation="" head=""/>
      <word id="5" form="προύστη" lemma="προίστημι" postag="v3saia---" relation="" head=""/>
      <word id="6" form="τῆς" lemma="ὁ" postag="l-s---fg-" relation="" head=""/>
      <word id="7" form="πόλεως" lemma="πόλις" postag="n-s---fg-" relation="" head=""/>
      <word id="8" form="ἐν" lemma="ἐν" postag="r--------" relation="" head=""/>
      <word id="9" form="τῇ" lemma="ὁ" postag="l-s---fd-" relation="" head=""/>
      <word id="10" form="εἰρήνῃ" lemma="εἰρήνη" postag="n-s---fd-" relation="" head=""/>
      <word id="11" form="," lemma="punc1" postag="u--------" relation="AuxX" head="0"/>
      <word id="12" form="μετρίως" lemma="μετρίως" postag="d-------p" relation="" head=""/>
      <word id="13" form="ἐξηγεῖτο" lemma="ἐξηγέομαι" postag="v3siie---" relation="" head=""/>
      <word id="14" form="καὶ" lemma="καί" postag="c--------" relation="" head=""/>
      <word id="15" form="ἀσφαλῶς" lemma="ἀσφαλῶς" postag="d-------p" relation="" head=""/>
      <word id="16" form="διεφύλαξεν" lemma="διαφυλάσσω" postag="v3saia---" relation="" head=""/>
      <word id="17" form="αὐτήν" lemma="αὐτός" postag="p-s---fa-" relation="" head=""/>
      <word id="18" form="," lemma="punc1" postag="u--------" relation="AuxX" head="0"/>
      <word id="19" form="καὶ" lemma="καί" postag="c--------" relation="" head=""/>
      <word id="20" form="ἐγένετο" lemma="γίγνομαι" postag="v3saim---" relation="" head=""/>
      <word id="21" form="ἐπ" lemma="ἐπί" postag="r--------" relation="" head=""/>
      <word id="22" form="'" lemma="punc1" postag="u--------" relation="AuxX" head="0"/>
      <word id="23" form="ἐκείνου" lemma="ἐκεῖνος" postag="p-s---mg-" relation="" head=""/>
      <word id="24" form="μεγίστη" lemma="μέγας" postag="a-s---fn-" relation="" head=""/>
      <word id="25" form="," lemma="punc1" postag="u--------" relation="AuxX" head="0"/>
      <word id="26" form="ἐπειδή" lemma="ἐπεί" postag="c--------" relation="" head=""/>
      <word id="27" form="τε" lemma="τε" postag="d--------" relation="" head=""/>
      <word id="28" form="ὁ" lemma="ὁ" postag="l-s---mn-" relation="" head=""/>
      <word id="29" form="πόλεμος" lemma="πόλεμος" postag="n-s---mn-" relation="" head=""/>
      <word id="30" form="κατέστη" lemma="καθίστημι" postag="v3saia---" relation="" head=""/>
      <word id="31" form="," lemma="punc1" postag="u--------" relation="AuxX" head="0"/>
      <word id="32" form="ὁ" lemma="ὁ" postag="l-s---mn-" relation="" head=""/>
      <word id="33" form="δὲ" lemma="δέ" postag="d--------" relation="" head=""/>
      <word id="34" form="φαίνεται" lemma="φαίνω" postag="v3spie---" relation="" head=""/>
      <word id="35" form="καὶ" lemma="καί" postag="c--------" relation="" head=""/>
      <word id="36" form="ἐν" lemma="ἐν" postag="r--------" relation="" head=""/>
      <word id="37" form="τούτῳ" lemma="οὗτος" postag="p-s---md-" relation="" head=""/>
      <word id="38" form="προγνοὺς" lemma="προγιγνώσκω" postag="v-sapamn-" relation="" head=""/>
      <word id="39" form="τὴν" lemma="ὁ" postag="l-s---fa-" relation="" head=""/>
      <word id="40" form="δύναμιν" lemma="δύναμις" postag="n-s---fa-" relation="" head=""/>
      <word id="41" form="." lemma="punc1" postag="u--------" relation="AuxK" head="0"/>
   </sentence>
</treebank>
