<?xml version="1.0" encoding="UTF-8"?>
<treebank xmlns:saxon="http://saxon.sf.net/"
          xml:lang="grc"
          format="aldt"
          direction="ltr"
          version="1.5">
   <date>2019-01-03 08:39:49 UTC</date>
   <annotator>
      <short/>
      <name/>
      <address/>
      <uri>https://services.perseids.org/llt/segtok</uri>
  </annotator>
   <annotator>
      <short/>
      <name/>
      <address/>
      <uri>http://github.com/latin-language-toolkit/arethusa</uri>
  </annotator>
   <annotator>
      <short>Petar Soldo</short>
      <name>Petar Soldo</name>
      <address>petar.stjepan.soldo@gmail.com</address>
      <uri>http://data.perseus.org/sosol/users/Petar%20Soldo</uri>
  </annotator>
   <annotator>
      <short>nevenjovanovic</short>
      <name>Neven Jovanović</name>
      <address>filologanoga@gmail.com</address>
      <uri>http://data.perseus.org/sosol/users/nevenjovanovic</uri>
  </annotator>
   <sentence id="1" document_id="" subdoc="" span="">
      <word id="1" form="ΑΕΤΟΣ" lemma="ἀετός" postag="n-s---mn-" relation="" head=""/>
      <word id="2" form="ΚΑΙ" lemma="καί" postag="c--------" relation="" head=""/>
      <word id="3" form="ΑΛΩΠΗΞ" lemma="ἀλώπηξ" postag="n-s---fn-" relation="" head=""/>
   </sentence>
   <sentence id="2" document_id="" subdoc="" span="">
      <word id="1" form="Ἀετὸς" lemma="ἀετός" postag="n-s---mn-" relation="" head=""/>
      <word id="2" form="καὶ" lemma="καί" postag="c--------" relation="" head=""/>
      <word id="3" form="ἀλώπηξ" lemma="ἀλώπηξ" postag="n-s---fn-" relation="" head=""/>
      <word id="4" form="φιλίαν" lemma="φιλία" postag="n-s---fa-" relation="" head=""/>
      <word id="5" form="πρὸς" lemma="πρός" postag="r--------" relation="" head=""/>
      <word id="6" form="ἀλλήλους" lemma="ἀλλήλων" postag="p-p---ma-" relation="" head=""/>
      <word id="7" form="σπεισάμενοι" lemma="σπένδω" postag="v-papmmn-" relation="" head=""/>
      <word id="8" form="πλησίον" lemma="πλησίος" postag="d--------" relation="" head=""/>
      <word id="9" form="ἑαυτῶν" lemma="ἑαυτοῦ" postag="p-p---mg-" relation="" head=""/>
      <word id="10" form="οἰκεῖν" lemma="οἰκέω" postag="v--pna---" relation="" head=""/>
      <word id="11" form="διέγνωσαν" lemma="διαγιγνώσκω" postag="v3paia---" relation="" head=""/>
      <word id="12" form="βεβαίωσιν" lemma="βεβαίωσις" postag="n-s---fa-" relation="" head=""/>
      <word id="13" form="φιλίας" lemma="φιλία" postag="n-s---fg-" relation="" head=""/>
      <word id="14" form="τὴν" lemma="ὁ" postag="l-s---fa-" relation="" head=""/>
      <word id="15" form="συνήθειαν" lemma="συνήθεια" postag="n-s---fa-" relation="" head=""/>
      <word id="16" form="ποιούμενοι" lemma="ποιέω" postag="v-pppemn-" relation="" head=""/>
      <word id="17" form="." lemma="punc1" postag="u--------" relation="AuxK" head="0"/>
   </sentence>
   <sentence id="3" document_id="" subdoc="" span="">
      <word id="1" form="καὶ" lemma="καί" postag="c--------" relation="" head=""/>
      <word id="2" form="δὴ" lemma="δή" postag="d--------" relation="" head=""/>
      <word id="3" form="ὁ" lemma="ὁ" postag="l-s---mn-" relation="" head=""/>
      <word id="4" form="μὲν" lemma="μέν" postag="d--------" relation="" head=""/>
      <word id="5" form="ἀναβὰς" lemma="ἀναβαίνω" postag="v-sapamn-" relation="" head=""/>
      <word id="6" form="ἐπί" lemma="ἐπί" postag="r--------" relation="" head=""/>
      <word id="7" form="τι" lemma="τις" postag="p-s---na-" relation="" head=""/>
      <word id="8" form="περίμηκες" lemma="περιμήκης" postag="a-s---na-" relation="" head=""/>
      <word id="9" form="δένδρον" lemma="δένδρον" postag="n-s---na-" relation="" head=""/>
      <word id="10" form="ἐνεοττοποιήσατο" lemma="νεοσσοποιέω" postag="v3saim---" relation="" head=""/>
      <word id="11" form="," lemma="punc1" postag="u--------" relation="AuxX" head="0"/>
      <word id="12" form="ἡ" lemma="ὁ" postag="l-s---fn-" relation="" head=""/>
      <word id="13" form="δὲ" lemma="δέ" postag="d--------" relation="" head=""/>
      <word id="14" form="εἰς" lemma="εἰς" postag="r--------" relation="" head=""/>
      <word id="15" form="τὸν" lemma="ὁ" postag="l-s---ma-" relation="" head=""/>
      <word id="16" form="ὑποκείμενον" lemma="ὑπόκειμαι" postag="v-srpema-" relation="" head=""/>
      <word id="17" form="θάμνον" lemma="θάμνος" postag="n-s---ma-" relation="" head=""/>
      <word id="18" form="ἔτεκεν" lemma="τίκτω" postag="v3saia---" relation="" head=""/>
      <word id="19" form="." lemma="punc1" postag="u--------" relation="AuxK" head="0"/>
   </sentence>
   <sentence id="4" document_id="" subdoc="" span="">
      <word id="1" form="ἐξελθούσης" lemma="ἐξέρχομαι" postag="v-sapafg-" relation="" head=""/>
      <word id="2" form="δέ" lemma="δέ" postag="d--------" relation="" head=""/>
      <word id="3" form="ποτε" lemma="ποτέ" postag="d--------" relation="" head=""/>
      <word id="4" form="αὐτῆς" lemma="αὐτός" postag="p-s---fg-" relation="" head=""/>
      <word id="5" form="ἐπὶ" lemma="ἐπί" postag="r--------" relation="" head=""/>
      <word id="6" form="νομὴν" lemma="νομή" postag="n-s---fa-" relation="" head=""/>
      <word id="7" form="ὁ" lemma="ὁ" postag="l-s---mn-" relation="" head=""/>
      <word id="8" form="ἀετὸς" lemma="ἀετός" postag="n-s---mn-" relation="" head=""/>
      <word id="9" form="ἀπορῶν" lemma="ἀπορέω" postag="v-sppamn-" relation="" head=""/>
      <word id="10" form="τροφῆς" lemma="τροφή" postag="n-s---fg-" relation="" head=""/>
      <word id="11" form="καταπτὰς" lemma="καταπέτομαι" postag="v-sapamn-" relation="" head=""/>
      <word id="12" form="εἰς" lemma="εἰς" postag="r--------" relation="" head=""/>
      <word id="13" form="τὸν" lemma="ὁ" postag="l-s---ma-" relation="" head=""/>
      <word id="14" form="θάμνον" lemma="θάμνος" postag="n-s---ma-" relation="" head=""/>
      <word id="15" form="καὶ" lemma="καί" postag="c--------" relation="" head=""/>
      <word id="16" form="τὰ" lemma="ὁ" postag="l-p---na-" relation="" head=""/>
      <word id="17" form="γεννήματα" lemma="γέννημα" postag="n-p---na-" relation="" head=""/>
      <word id="18" form="ἀναρπάσας" lemma="ἀναρπάζω" postag="v-sapamn-" relation="" head=""/>
      <word id="19" form="μετὰ" lemma="μετά" postag="r--------" relation="" head=""/>
      <word id="20" form="τῶν" lemma="ὁ" postag="l-p---mg-" relation="" head=""/>
      <word id="21" form="αὑτοῦ" lemma="ἑαυτοῦ" postag="p-s---mg-" relation="" head=""/>
      <word id="22" form="νεοττῶν" lemma="νεοσσός" postag="n-p---mg-" relation="" head=""/>
      <word id="23" form="κατεθοινήσατο" lemma="κατά-θοινάω" postag="v3saim---" relation="" head=""/>
      <word id="24" form="." lemma="punc1" postag="u--------" relation="AuxK" head="0"/>
   </sentence>
   <sentence id="5" document_id="" subdoc="" span="">
      <word id="1" form="ἡ" lemma="ὁ" postag="l-s---fn-" relation="" head=""/>
      <word id="2" form="δὲ" lemma="δέ" postag="d--------" relation="" head=""/>
      <word id="3" form="ἀλώπηξ" lemma="ἀλώπηξ" postag="n-s---fn-" relation="" head=""/>
      <word id="4" form="ἐπανελθοῦσα" lemma="ἐπανέρχομαι" postag="v-sapafn-" relation="" head=""/>
      <word id="5" form="ὡς" lemma="ὡς" postag="c--------" relation="" head=""/>
      <word id="6" form="ἔγνω" lemma="γιγνώσκω" postag="v3saia---" relation="" head=""/>
      <word id="7" form="τὸ" lemma="ὁ" postag="l-s---na-" relation="" head=""/>
      <word id="8" form="πραχθέν" lemma="πράσσω" postag="v-sappna-" relation="" head=""/>
      <word id="9" form="," lemma="punc1" postag="u--------" relation="AuxX" head="0"/>
      <word id="10" form="οὐ" lemma="οὐ" postag="d--------" relation="" head=""/>
      <word id="11" form="μᾶλλον" lemma="μᾶλλον" postag="d--------" relation="" head=""/>
      <word id="12" form="ἐπὶ" lemma="ἐπί" postag="r--------" relation="" head=""/>
      <word id="13" form="τῷ" lemma="ὁ" postag="l-s---md-" relation="" head=""/>
      <word id="14" form="τῶν" lemma="ὁ" postag="l-p---mg-" relation="" head=""/>
      <word id="15" form="νεοττῶν" lemma="νεοσσός" postag="n-p---mg-" relation="" head=""/>
      <word id="16" form="θανάτῳ" lemma="θάνατος" postag="n-s---md-" relation="" head=""/>
      <word id="17" form="ἐλυπήθη" lemma="λυπέω" postag="v3saip---" relation="" head=""/>
      <word id="18" form="," lemma="punc1" postag="u--------" relation="AuxX" head="0"/>
      <word id="19" form="ὅσον" lemma="ὅσος" postag="a-s---na-" relation="" head=""/>
      <word id="20" form="ἐπὶ" lemma="ἐπί" postag="r--------" relation="" head=""/>
      <word id="21" form="τῆς" lemma="ὁ" postag="l-s---fg-" relation="" head=""/>
      <word id="22" form="ἀμύνης" lemma="ἄμυνα" postag="n-s---fg-" relation="" head=""/>
      <word id="23" form="·" lemma="punc1" postag="u--------" relation="AuxK" head="0"/>
   </sentence>
   <sentence id="6" document_id="" subdoc="" span="">
      <word id="1" form="χερσαία" lemma="χερσαῖος" postag="a-s---fn-" relation="" head=""/>
      <word id="2" form="γὰρ" lemma="γάρ" postag="d--------" relation="" head=""/>
      <word id="3" form="οὖσα" lemma="εἰμί" postag="v-sppafn-" relation="" head=""/>
      <word id="4" form="πετεινὸν" lemma="πετεινός" postag="a-s---ma-" relation="" head=""/>
      <word id="5" form="διώκειν" lemma="διώκω" postag="v--pna---" relation="" head=""/>
      <word id="6" form="ἠδυνάτει" lemma="ἀδυνατέω" postag="v3siia---" relation="" head=""/>
      <word id="7" form="." lemma="punc1" postag="u--------" relation="AuxK" head="0"/>
   </sentence>
   <sentence id="7" document_id="" subdoc="" span="">
      <word id="1" form="διόπερ" lemma="διόπερ" postag="c--------" relation="" head=""/>
      <word id="2" form="πόρρωθεν" lemma="πρόσωθεν" postag="d--------" relation="" head=""/>
      <word id="3" form="στᾶσα" lemma="ἵστημι" postag="v-sapafn-" relation="" head=""/>
      <word id="4" form="," lemma="punc1" postag="u--------" relation="AuxX" head="0"/>
      <word id="5" form="ὃ" lemma="ὅς" postag="p-s---nn-" relation="" head=""/>
      <word id="6" form="μόνον" lemma="μόνος" postag="a-s---nn-" relation="" head=""/>
      <word id="7" form="τοῖς" lemma="ὁ" postag="l-p---md-" relation="" head=""/>
      <word id="8" form="ἀσθενέσιν" lemma="ἀσθενής" postag="a-p---md-" relation="" head=""/>
      <word id="9" form="καὶ" lemma="καί" postag="c--------" relation="" head=""/>
      <word id="10" form="ἀδυνάτοις" lemma="ἀδύνατος" postag="a-p---md-" relation="" head=""/>
      <word id="11" form="ὑπολείπεται" lemma="ὑπολείπω" postag="v3spie---" relation="" head=""/>
      <word id="12" form="," lemma="punc1" postag="u--------" relation="AuxX" head="0"/>
      <word id="13" form="τῷ" lemma="ὁ" postag="l-s---md-" relation="" head=""/>
      <word id="14" form="ἐχθρῷ" lemma="ἐχθρός" postag="a-s---md-" relation="" head=""/>
      <word id="15" form="κατηρᾶτο" lemma="καταράομαι" postag="v3siie---" relation="" head=""/>
      <word id="16" form="." lemma="punc1" postag="u--------" relation="AuxK" head="0"/>
   </sentence>
   <sentence id="8" document_id="" subdoc="" span="">
      <word id="1" form="συνέβη" lemma="συμβαίνω" postag="v3saia---" relation="" head=""/>
      <word id="2" form="δὲ" lemma="δέ" postag="d--------" relation="" head=""/>
      <word id="3" form="αὐτῷ" lemma="αὐτός" postag="p-s---md-" relation="" head=""/>
      <word id="4" form="τῆς" lemma="ὁ" postag="l-s---fg-" relation="" head=""/>
      <word id="5" form="εἰς" lemma="εἰς" postag="r--------" relation="" head=""/>
      <word id="6" form="τὴν" lemma="ὁ" postag="l-s---fa-" relation="" head=""/>
      <word id="7" form="φιλίαν" lemma="φιλία" postag="n-s---fa-" relation="" head=""/>
      <word id="8" form="ἀσεβείας" lemma="ἀσέβεια" postag="n-s---fg-" relation="" head=""/>
      <word id="9" form="οὐκ" lemma="οὐ" postag="d--------" relation="" head=""/>
      <word id="10" form="εἰς" lemma="εἰς" postag="r--------" relation="" head=""/>
      <word id="11" form="μακρὰν" lemma="μακράν" postag="d--------" relation="" head=""/>
      <word id="12" form="δίκην" lemma="δίκη" postag="n-s---fa-" relation="" head=""/>
      <word id="13" form="ὑποσχεῖν" lemma="ὑπέχω" postag="v--ana---" relation="" head=""/>
      <word id="14" form="." lemma="punc1" postag="u--------" relation="AuxK" head="0"/>
   </sentence>
   <sentence id="9" document_id="" subdoc="" span="">
      <word id="1" form="θυόντων" lemma="θύω1" postag="v-pppamg-" relation="" head=""/>
      <word id="2" form="γάρ" lemma="γάρ" postag="d--------" relation="" head=""/>
      <word id="3" form="τινων" lemma="τις" postag="p-p----g-" relation="" head=""/>
      <word id="4" form="αἶγα" lemma="αἴξ" postag="n-s---ma-" relation="" head=""/>
      <word id="5" form="ἐπ" lemma="ἐπί" postag="r--------" relation="" head=""/>
      <word id="6" form="'" lemma="punc1" postag="u--------" relation="AuxX" head="0"/>
      <word id="7" form="ἀγροῦ" lemma="ἀγρός" postag="n-s---mg-" relation="" head=""/>
      <word id="8" form="καταπτὰς" lemma="καταπέτομαι" postag="v-sapamn-" relation="" head=""/>
      <word id="9" form="ἀπὸ" lemma="ἀπό" postag="r--------" relation="" head=""/>
      <word id="10" form="τοῦ" lemma="ὁ" postag="l-s---mg-" relation="" head=""/>
      <word id="11" form="βωμοῦ" lemma="βωμός" postag="n-s---mg-" relation="" head=""/>
      <word id="12" form="σπλάγχνον" lemma="σπλάγχνον" postag="n-s---na-" relation="" head=""/>
      <word id="13" form="ἔμπυρον" lemma="ἔμπυρος" postag="a-s---na-" relation="" head=""/>
      <word id="14" form="ἀνήνεγκεν" lemma="ἀναφέρω" postag="v3saia---" relation="" head=""/>
      <word id="15" form="·" lemma="punc1" postag="u--------" relation="AuxK" head="0"/>
   </sentence>
   <sentence id="10" document_id="" subdoc="" span="">
      <word id="1" form="οὗ" lemma="ὅς" postag="p-s---ng-" relation="" head=""/>
      <word id="2" form="κομισθέντος" lemma="κομίζω" postag="v-sappng-" relation="" head=""/>
      <word id="3" form="ἐπὶ" lemma="ἐπί" postag="r--------" relation="" head=""/>
      <word id="4" form="τὴν" lemma="ὁ" postag="l-s---fa-" relation="" head=""/>
      <word id="5" form="καλιὰν" lemma="καλιά" postag="n-s---fa-" relation="" head=""/>
      <word id="6" form="σφοδρὸς" lemma="σφοδρός" postag="a-s---mn-" relation="" head=""/>
      <word id="7" form="ἐμπεσὼν" lemma="ἐμπίπτω" postag="v-sapamn_" relation="" head=""/>
      <word id="8" form="ἄνεμος" lemma="ἄνεμος" postag="n-s---mn-" relation="" head=""/>
      <word id="9" form="ἐκ" lemma="ἐκ" postag="r--------" relation="" head=""/>
      <word id="10" form="λεπτοῦ" lemma="λεπτός" postag="a-s---ng-" relation="" head=""/>
      <word id="11" form="καὶ" lemma="καί" postag="c--------" relation="" head=""/>
      <word id="12" form="παλαιοῦ" lemma="παλαιός" postag="a-s---ng-" relation="" head=""/>
      <word id="13" form="κάρφους" lemma="κάρφος" postag="n-s---ng-" relation="" head=""/>
      <word id="14" form="λαμπρὰν" lemma="λαμπρός" postag="a-s---fa-" relation="" head=""/>
      <word id="15" form="φλόγα" lemma="φλόξ" postag="n-s---fa-" relation="" head=""/>
      <word id="16" form="ἀνῆψε" lemma="ἀνάπτω" postag="v3saia---" relation="" head=""/>
      <word id="17" form="." lemma="punc1" postag="u--------" relation="AuxK" head="0"/>
   </sentence>
   <sentence id="11" document_id="" subdoc="" span="">
      <word id="1" form="καὶ" lemma="καί" postag="c--------" relation="" head=""/>
      <word id="2" form="διὰ" lemma="διά" postag="r--------" relation="" head=""/>
      <word id="3" form="τοῦτο" lemma="οὗτος" postag="p-s---na-" relation="" head=""/>
      <word id="4" form="καταφλεχθέντες" lemma="καταφλέγω" postag="v-pappmn-" relation="" head=""/>
      <word id="5" form="οἱ" lemma="ὁ" postag="l-p---mn-" relation="" head=""/>
      <word id="6" form="νεοττοὶ" lemma="νεοσσός" postag="n-p---mn-" relation="" head=""/>
      <word id="7" form="—" lemma="punc1" postag="u--------" relation="AuxK" head="0"/>
      <word id="8" form="καὶ" lemma="καί" postag="c--------" relation="" head=""/>
      <word id="9" form="γὰρ" lemma="γάρ" postag="d--------" relation="" head=""/>
      <word id="10" form="ἦσαν" lemma="εἰμί" postag="v3piia---" relation="" head=""/>
      <word id="11" form="ἔτι" lemma="ἔτι" postag="d--------" relation="" head=""/>
      <word id="12" form="ἀτελεῖς" lemma="ἀτελής" postag="a-p---mn-" relation="" head=""/>
      <word id="13" form="οἱ" lemma="ὁ" postag="l-p---mn-" relation="" head=""/>
      <word id="14" form="πτηνοὶ" lemma="πτηνός" postag="a-p---mn-" relation="" head=""/>
      <word id="15" form="—" lemma="punc1" postag="u--------" relation="AuxK" head="0"/>
      <word id="16" form="ἐπὶ" lemma="ἐπί" postag="r--------" relation="" head=""/>
      <word id="17" form="τὴν" lemma="ὁ" postag="l-s---fa-" relation="" head=""/>
      <word id="18" form="γῆν" lemma="γῆ" postag="n-s---fa-" relation="" head=""/>
      <word id="19" form="κατέπεσον" lemma="καταπίπτω" postag="v3paia---" relation="" head=""/>
      <word id="20" form="." lemma="punc1" postag="u--------" relation="AuxK" head="0"/>
   </sentence>
   <sentence id="12" document_id="" subdoc="" span="">
      <word id="1" form="καὶ" lemma="καί" postag="c--------" relation="" head=""/>
      <word id="2" form="ἡ" lemma="ὁ" postag="l-s---fn-" relation="" head=""/>
      <word id="3" form="ἀλώπηξ" lemma="ἀλώπηξ" postag="n-s---fn-" relation="" head=""/>
      <word id="4" form="προσδραμοῦσα" lemma="προστρέχω" postag="v-sapafn-" relation="" head=""/>
      <word id="5" form="ἐν" lemma="ἐν" postag="r--------" relation="" head=""/>
      <word id="6" form="ὄψει" lemma="ὄψις" postag="n-s---fd-" relation="" head=""/>
      <word id="7" form="τοῦ" lemma="ὁ" postag="l-s---mg-" relation="" head=""/>
      <word id="8" form="ἀετοῦ" lemma="ἀετός" postag="n-s---mg-" relation="" head=""/>
      <word id="9" form="πάντας" lemma="πᾶς" postag="a-p---ma-" relation="" head=""/>
      <word id="10" form="αὐτοὺς" lemma="αὐτός" postag="p-p---ma-" relation="" head=""/>
      <word id="11" form="κατέφαγεν" lemma="κατεσθίω" postag="v3saia---" relation="" head=""/>
      <word id="12" form="." lemma="punc1" postag="u--------" relation="AuxK" head="0"/>
   </sentence>
   <sentence id="13" document_id="" subdoc="" span="">
      <word id="1" form="ὁ" lemma="ὁ" postag="l-s---mn-" relation="" head=""/>
      <word id="2" form="λόγος" lemma="λόγος" postag="n-s---mn-" relation="" head=""/>
      <word id="3" form="δηλοῖ" lemma="δηλόω" postag="v3spia---" relation="" head=""/>
      <word id="4" form="," lemma="punc1" postag="u--------" relation="AuxX" head="0"/>
      <word id="5" form="ὅτι" lemma="ὅτι2" postag="c--------" relation="" head=""/>
      <word id="6" form="οἱ" lemma="ὁ" postag="l-p---mn-" relation="" head=""/>
      <word id="7" form="φιλίαν" lemma="φιλία" postag="n-s---fa-" relation="" head=""/>
      <word id="8" form="παρασπονδοῦντες" lemma="παρασπονδέω" postag="v-pppamn-" relation="" head=""/>
      <word id="9" form="," lemma="punc1" postag="u--------" relation="AuxX" head="0"/>
      <word id="10" form="κἂν" lemma="κἀν" postag="c--------" relation="" head=""/>
      <word id="11" form="τὴν" lemma="ὁ" postag="l-s---fa-" relation="" head=""/>
      <word id="12" form="τῶν" lemma="ὁ" postag="l-p---mg-" relation="" head=""/>
      <word id="13" form="ἠδικημένων" lemma="ἀδικέω" postag="v-prpemg-" relation="" head=""/>
      <word id="14" form="ἐκφύγωσι" lemma="ἐκφεύγω" postag="v3pasa---" relation="" head=""/>
      <word id="15" form="κόλασιν" lemma="κόλασις" postag="n-s---fa-" relation="" head=""/>
      <word id="16" form="," lemma="punc1" postag="u--------" relation="AuxX" head="0"/>
      <word id="17" form="ἀλλ" lemma="ἀλλά" postag="d-------_" relation="" head=""/>
      <word id="18" form="'" lemma="punc1" postag="u--------" relation="AuxX" head="0"/>
      <word id="19" form="οὖν" lemma="οὖν" postag="d--------" relation="" head=""/>
      <word id="20" form="γε" lemma="γε" postag="d--------" relation="" head=""/>
      <word id="21" form="τὴν" lemma="ὁ" postag="l-s---fa-" relation="" head=""/>
      <word id="22" form="ἐκ" lemma="ἐκ" postag="r--------" relation="" head=""/>
      <word id="23" form="θεοῦ" lemma="θεός" postag="n-s---mg-" relation="" head=""/>
      <word id="24" form="τιμωρίαν" lemma="τιμωρία" postag="n-s---fa-" relation="" head=""/>
      <word id="25" form="οὐ" lemma="οὐ" postag="d--------" relation="" head=""/>
      <word id="26" form="διακρούσονται" lemma="διακρούω" postag="v3pfim---" relation="" head=""/>
      <word id="27" form="." lemma="punc1" postag="u--------" relation="AuxK" head="0"/>
   </sentence>
</treebank>
