<?xml version="1.0" encoding="UTF-8"?>
<treebank xmlns:saxon="http://saxon.sf.net/"
          xml:lang="grc"
          format="aldt"
          direction="ltr"
          version="1.5">
   <date>2018-11-13 17:12:23 UTC</date>
   <annotator>
      <short/>
      <name/>
      <address/>
      <uri>https://services.perseids.org/llt/segtok</uri>
  </annotator>
   <annotator>
      <short/>
      <name/>
      <address/>
      <uri>http://github.com/latin-language-toolkit/arethusa</uri>
  </annotator>
   <annotator>
      <short>Barbara Moštak</short>
      <name>Barbara Moštak</name>
      <address>barbara.mostak@gmail.com</address>
      <uri>http://data.perseus.org/sosol/users/Barbara%20Mo%C5%A1tak</uri>
  </annotator>
   <annotator>
      <short>nevenjovanovic</short>
      <name>Neven Jovanović</name>
      <address>filologanoga@gmail.com</address>
      <uri>http://data.perseus.org/sosol/users/nevenjovanovic</uri>
  </annotator>
   <sentence id="1" document_id="" subdoc="" span="">
      <word id="1" form="καὶ" lemma="καί" postag="c--------" relation="" head=""/>
      <word id="2" form="πρῶτον" lemma="πρῶτον" postag="d-------s" relation="" head=""/>
      <word id="3" form="μὲν" lemma="μέν" postag="d--------" relation="" head="4"/>
      <word id="4" form="τὴν" lemma="ὁ" postag="l-s---fa-" relation="" head=""/>
      <word id="5" form="πόλιν" lemma="πόλις" postag="n-s---fa-" relation="" head=""/>
      <word id="6" form="σποράδην" lemma="σποράδην" postag="d--------" relation="" head=""/>
      <word id="7" form="καὶ" lemma="καί" postag="c--------" relation="" head=""/>
      <word id="8" form="κατὰ" lemma="κατά" postag="r--------" relation="" head=""/>
      <word id="9" form="κώμας" lemma="κώμη" postag="n-p---fa-" relation="" head=""/>
      <word id="10" form="οἰκοῦσαν" lemma="οἰκέω" postag="v-sppafa-" relation="" head=""/>
      <word id="11" form="εἰς" lemma="εἰς" postag="r--------" relation="" head=""/>
      <word id="12" form="ταὐτὸν" lemma="ταὐτός" postag="a-s---ma-" relation="" head=""/>
      <word id="13" form="συναγαγὼν" lemma="συνάγω" postag="v-sapamn-" relation="" head=""/>
      <word id="14" form="τηλικαύτην" lemma="τηλικοῦτος" postag="p-s---fa-" relation="" head=""/>
      <word id="15" form="ἐποίησεν" lemma="ποιέω" postag="v3saia---" relation="" head=""/>
      <word id="16" form="ὥστʼ" lemma="ὥστε" postag="c--------" relation="" head=""/>
      <word id="17" form="ἔτι" lemma="ἔτι" postag="d--------" relation="" head=""/>
      <word id="18" form="καὶ" lemma="καί" postag="c--------" relation="" head=""/>
      <word id="19" form="νῦν" lemma="νῦν" postag="d--------" relation="" head=""/>
      <word id="20" form="ἀπʼ" lemma="ἀπό" postag="r--------" relation="" head=""/>
      <word id="21" form="ἐκείνου" lemma="ἐκεῖνος" postag="p-s---mg-" relation="" head=""/>
      <word id="22" form="τοῦ" lemma="ὁ" postag="l-s---mg-" relation="" head="21"/>
      <word id="23" form="χρόνου" lemma="χρόνος" postag="n-s---mg-" relation="" head=""/>
      <word id="24" form="μεγίστην" lemma="μέγας" postag="a-s---fas" relation="" head=""/>
      <word id="25" form="τῶν" lemma="ὁ" postag="l-p---fg-" relation="" head=""/>
      <word id="26" form="Ἑλληνίδων" lemma="Ἑλληνίς" postag="n-p---fg-" relation="" head=""/>
      <word id="27" form="εἶναι" lemma="εἰμί" postag="v--pna---" relation="" head=""/>
      <word id="28" form="·" lemma="punc1" postag="u--------" relation="AuxK" head="0"/>
   </sentence>
   <sentence id="2" document_id="" subdoc="" span="">
      <word id="1" form="μετὰ" lemma="μετά" postag="r--------" relation="" head=""/>
      <word id="2" form="δὲ" lemma="δέ" postag="d--------" relation="" head=""/>
      <word id="3" form="ταῦτα" lemma="οὗτος" postag="p-p---na-" relation="" head=""/>
      <word id="4" form="κοινὴν" lemma="κοινός" postag="a-s---fa-" relation="" head=""/>
      <word id="5" form="τὴν" lemma="ὁ" postag="l-s---fa-" relation="" head=""/>
      <word id="6" form="πατρίδα" lemma="πατρίς" postag="n-s---fa-" relation="" head=""/>
      <word id="7" form="καταστήσας" lemma="καθίστημι" postag="v-sapamn-" relation="" head=""/>
      <word id="8" form="καὶ" lemma="καί" postag="c--------" relation="" head=""/>
      <word id="9" form="τὰς" lemma="ὁ" postag="l-p---fa-" relation="" head=""/>
      <word id="10" form="ψυχὰς" lemma="ψυχή" postag="n-p---fa-" relation="" head=""/>
      <word id="11" form="τῶν" lemma="ὁ" postag="l-p---mg-" relation="" head=""/>
      <word id="12" form="συμπολιτευομένων" lemma="συμπολιτεύω" postag="v-pppemg-" relation="" head=""/>
      <word id="13" form="ἐλευθερώσας" lemma="ἐλευθερόω" postag="v-sapamn-" relation="" head=""/>
      <word id="14" form="ἐξ" lemma="ἐκ" postag="r--------" relation="" head=""/>
      <word id="15" form="ἴσου" lemma="ἴσος" postag="a-s---ng-" relation="" head=""/>
      <word id="16" form="τὴν" lemma="ὁ" postag="l-s---fa-" relation="" head=""/>
      <word id="17" form="ἅμιλλαν" lemma="ἅμιλλα" postag="n-s---fa-" relation="" head=""/>
      <word id="18" form="αὐτοῖς" lemma="αὐτός" postag="p-p---md-" relation="" head=""/>
      <word id="19" form="περὶ" lemma="περί" postag="r--------" relation="" head=""/>
      <word id="20" form="τῆς" lemma="ὁ" postag="l-s---fg-" relation="" head=""/>
      <word id="21" form="ἀρετῆς" lemma="ἀρετή" postag="n-s---fg-" relation="" head=""/>
      <word id="22" form="ἐποίησε" lemma="ποιέω" postag="v3saia---" relation="" head=""/>
      <word id="23" form="," lemma="punc1" postag="u--------" relation="AuxX" head="0"/>
      <word id="24" form="πιστεύων" lemma="πιστεύω" postag="v-sppamn-" relation="" head=""/>
      <word id="25" form="μὲν" lemma="μέν" postag="d--------" relation="" head=""/>
      <word id="26" form="ὁμοίως" lemma="ὁμοίως" postag="d-------_" relation="" head=""/>
      <word id="27" form="αὐτῶν" lemma="αὐτός" postag="p-p---mg-" relation="" head=""/>
      <word id="28" form="προέξειν" lemma="προέχω" postag="v--fna---" relation="" head=""/>
      <word id="29" form="ἀσκούντων" lemma="ἀσκέω" postag="v-pppamg-" relation="" head=""/>
      <word id="30" form="ὥσπερ" lemma="ὥσπερ" postag="d--------" relation="" head=""/>
      <word id="31" form="ἀμελούντων" lemma="ἀμελέω" postag="v-pppamg-" relation="" head=""/>
      <word id="32" form="," lemma="punc1" postag="u--------" relation="AuxX" head="0"/>
      <word id="33" form="εἰδὼς" lemma="οἶδα" postag="v-srpamn-" relation="" head=""/>
      <word id="34" form="δὲ" lemma="δέ" postag="d--------" relation="" head=""/>
      <word id="35" form="τὰς" lemma="ὁ" postag="l-p---fa-" relation="" head=""/>
      <word id="36" form="τιμὰς" lemma="τιμή" postag="n-p---fa-" relation="" head=""/>
      <word id="37" form="ἡδίους" lemma="ἡδύς" postag="a-p---fac" relation="" head=""/>
      <word id="38" form="οὔσας" lemma="εἰμί" postag="v-pppafa-" relation="" head=""/>
      <word id="39" form="τὰς" lemma="ὁ" postag="l-p---fa-" relation="" head=""/>
      <word id="40" form="παρὰ" lemma="παρά" postag="r--------" relation="" head=""/>
      <word id="41" form="τῶν" lemma="ὁ" postag="l-p---mg-" relation="" head=""/>
      <word id="42" form="μέγα" lemma="μέγας" postag="a-s---na-" relation="" head=""/>
      <word id="43" form="φρονούντων" lemma="φρονέω" postag="v-pppamg-" relation="" head=""/>
      <word id="44" form="ἢ" lemma="ἤ1" postag="c--------" relation="" head=""/>
      <word id="45" form="τὰς" lemma="ὁ" postag="l-p---fa-" relation="" head=""/>
      <word id="46" form="παρὰ" lemma="παρά" postag="r--------" relation="" head=""/>
      <word id="47" form="τῶν" lemma="ὁ" postag="l-p---mg-" relation="" head=""/>
      <word id="48" form="δουλευόντων" lemma="δουλεύω" postag="v-pppamg-" relation="" head=""/>
      <word id="49" form="." lemma="punc1" postag="u--------" relation="AuxK" head="0"/>
   </sentence>
   <sentence id="3" document_id="" subdoc="" span="">
      <word id="1" form="τοσούτου" lemma="τοσοῦτος" postag="p-s---ng-" relation="" head=""/>
      <word id="2" form="δʼ" lemma="δέ" postag="d-------p" relation="" head=""/>
      <word id="3" form="ἐδέησεν" lemma="δέω2" postag="v3saia---" relation="" head=""/>
      <word id="4" form="ἀκόντων" lemma="ἄκων" postag="n-p---mg-" relation="" head=""/>
      <word id="5" form="τι" lemma="τις" postag="p-s---na-" relation="" head=""/>
      <word id="6" form="ποιεῖν" lemma="ποιέω" postag="v--pna---" relation="" head=""/>
      <word id="7" form="τῶν" lemma="ὁ" postag="l-p---mg-" relation="" head=""/>
      <word id="8" form="πολιτῶν" lemma="πολίτης" postag="n-p---mg-" relation="" head=""/>
      <word id="9" form="ὥσθʼ" lemma="ὥστε" postag="c--------" relation="" head=""/>
      <word id="10" form="ὁ" lemma="ὁ" postag="l-s---mn-" relation="" head=""/>
      <word id="11" form="μὲν" lemma="μέν" postag="d--------" relation="" head=""/>
      <word id="12" form="τὸν" lemma="ὁ" postag="l-s---ma-" relation="" head=""/>
      <word id="13" form="δῆμον" lemma="δῆμος" postag="n-s---ma-" relation="" head=""/>
      <word id="14" form="καθίστη" lemma="καθίστημι" postag="v3siia---" relation="" head=""/>
      <word id="15" form="κύριον" lemma="κύριος" postag="n-s---ma-" relation="" head=""/>
      <word id="16" form="τῆς" lemma="ὁ" postag="l-s---fg-" relation="" head=""/>
      <word id="17" form="πολιτείας" lemma="πολιτεία" postag="n-s---fg-" relation="" head=""/>
      <word id="18" form="," lemma="punc1" postag="u--------" relation="AuxX" head="0"/>
      <word id="19" form="οἱ" lemma="ὁ" postag="l-p---mn-" relation="" head=""/>
      <word id="20" form="δὲ" lemma="δέ" postag="d--------" relation="" head=""/>
      <word id="21" form="μόνον" lemma="μόνος" postag="a-s---ma-" relation="" head=""/>
      <word id="22" form="αὐτὸν" lemma="αὐτός" postag="p-s---ma-" relation="" head=""/>
      <word id="23" form="ἄρχειν" lemma="ἄρχω" postag="v--pna---" relation="" head=""/>
      <word id="24" form="ἠξίουν" lemma="ἀξιόω" postag="v3piia---" relation="" head=""/>
      <word id="25" form="," lemma="punc1" postag="u--------" relation="AuxX" head="0"/>
      <word id="26" form="ἡγούμενοι" lemma="ἡγέομαι" postag="v-pppmmn-" relation="" head=""/>
      <word id="27" form="πιστοτέραν" lemma="πιστός1" postag="a-s---fac" relation="" head=""/>
      <word id="28" form="καὶ" lemma="καί" postag="c--------" relation="" head=""/>
      <word id="29" form="κοινοτέραν" lemma="κοινός" postag="a-s---fac" relation="" head=""/>
      <word id="30" form="εἶναι" lemma="εἰμί" postag="v--pna---" relation="" head=""/>
      <word id="31" form="τὴν" lemma="ὁ" postag="l-s---fa-" relation="" head=""/>
      <word id="32" form="ἐκείνου" lemma="ἐκεῖνος" postag="p-s---mg-" relation="" head=""/>
      <word id="33" form="μοναρχίαν" lemma="μοναρχία" postag="n-s---fa-" relation="" head=""/>
      <word id="34" form="τῆς" lemma="ὁ" postag="l-s---fg-" relation="" head=""/>
      <word id="35" form="αὑτῶν" lemma="ἑαυτοῦ" postag="p-p---mg-" relation="" head=""/>
      <word id="36" form="δημοκρατίας" lemma="δημοκρατία" postag="n-s---fg-" relation="" head=""/>
      <word id="37" form="." lemma="punc1" postag="u--------" relation="AuxK" head="0"/>
   </sentence>
</treebank>
