<?xml version="1.0" encoding="UTF-8"?>
<treebank xmlns:saxon="http://saxon.sf.net/"
          xml:lang="grc"
          format="aldt"
          direction="ltr"
          version="1.5">
   <date>2019-01-02 13:53:10 UTC</date>
   <annotator>
      <short/>
      <name/>
      <address/>
      <uri>https://services.perseids.org/llt/segtok</uri>
  </annotator>
   <annotator>
      <short/>
      <name/>
      <address/>
      <uri>http://github.com/latin-language-toolkit/arethusa</uri>
  </annotator>
   <annotator>
      <short>Petar Soldo</short>
      <name>Petar Soldo</name>
      <address>petar.stjepan.soldo@gmail.com</address>
      <uri>http://data.perseus.org/sosol/users/Petar%20Soldo</uri>
  </annotator>
   <annotator>
      <short>nevenjovanovic</short>
      <name>Neven Jovanović</name>
      <address>filologanoga@gmail.com</address>
      <uri>http://data.perseus.org/sosol/users/nevenjovanovic</uri>
  </annotator>
   <sentence id="1" document_id="" subdoc="" span="">
      <word id="1" form="ἔστιν" lemma="εἰμί" postag="v3spia---" relation="" head=""/>
      <word id="2" form="δὲ" lemma="δέ" postag="d--------" relation="" head=""/>
      <word id="3" form="τῆς" lemma="ὁ" postag="l-s---fg-" relation="" head=""/>
      <word id="4" form="ῥητορικῆς" lemma="ῥητορικός" postag="a-s---fg-" relation="" head=""/>
      <word id="5" form="εἴδη" lemma="εἶδος" postag="n-p---nn-" relation="" head=""/>
      <word id="6" form="τρία" lemma="τρεῖς" postag="m-p---nn-" relation="" head=""/>
      <word id="7" form="τὸν" lemma="ὁ" postag="l-s---ma-" relation="" head=""/>
      <word id="8" form="ἀριθμόν" lemma="ἀριθμός" postag="n-s---ma-" relation="" head=""/>
      <word id="9" form="·" lemma="punc1" postag="u--------" relation="AuxK" head="0"/>
   </sentence>
   <sentence id="2" document_id="" subdoc="" span="">
      <word id="1" form="τοσοῦτοι" lemma="τοσοῦτος" postag="p-p---mn-" relation="" head=""/>
      <word id="2" form="γὰρ" lemma="γάρ" postag="d--------" relation="" head=""/>
      <word id="3" form="καὶ" lemma="καί" postag="c--------" relation="" head=""/>
      <word id="4" form="οἱ" lemma="ὁ" postag="l-p---mn-" relation="" head=""/>
      <word id="5" form="ἀκροαταὶ" lemma="ἀκροατής" postag="n-p---mn-" relation="" head=""/>
      <word id="6" form="τῶν" lemma="ὁ" postag="l-p---mg-" relation="" head=""/>
      <word id="7" form="λόγων" lemma="λόγος" postag="n-p---mg-" relation="" head=""/>
      <word id="8" form="ὑπάρχουσιν" lemma="ὑπάρχω" postag="v3ppia---" relation="" head=""/>
      <word id="9" form="ὄντες" lemma="εἰμί" postag="v-pppamn-" relation="" head=""/>
      <word id="10" form="." lemma="punc1" postag="u--------" relation="AuxK" head="0"/>
   </sentence>
   <sentence id="3" document_id="" subdoc="" span="">
      <word id="1" form="σύγκειται" lemma="σύγκειμαι" postag="v3spie---" relation="" head=""/>
      <word id="2" form="μὲν" lemma="μέν" postag="d--------" relation="" head=""/>
      <word id="3" form="γὰρ" lemma="γάρ" postag="d--------" relation="" head=""/>
      <word id="4" form="ἐκ" lemma="ἐκ" postag="r--------" relation="" head=""/>
      <word id="5" form="τριῶν" lemma="τρεῖς" postag="m-p---ng-" relation="" head=""/>
      <word id="6" form="ὁ" lemma="ὁ" postag="l-s---mn-" relation="" head=""/>
      <word id="7" form="λόγος" lemma="λόγος" postag="n-s---mn-" relation="" head=""/>
      <word id="8" form="," lemma="punc1" postag="u--------" relation="AuxX" head="0"/>
      <word id="9" form="ἔκ" lemma="ἐκ" postag="r--------" relation="" head=""/>
      <word id="10" form="τε" lemma="τε" postag="d--------" relation="" head=""/>
      <word id="11" form="τοῦ" lemma="ὁ" postag="l-s---mg-" relation="" head=""/>
      <word id="12" form="λέγοντος" lemma="λέγω3" postag="v-sppamg-" relation="" head=""/>
      <word id="13" form="καὶ" lemma="καί" postag="c--------" relation="" head=""/>
      <word id="14" form="περὶ" lemma="περί" postag="r--------" relation="" head=""/>
      <word id="15" form="οὗ" lemma="ὅς" postag="p-s---ng-" relation="" head=""/>
      <word id="16" form="λέγει" lemma="λέγω3" postag="v3spia---" relation="" head=""/>
      <word id="17" form="καὶ" lemma="καί" postag="c--------" relation="" head=""/>
      <word id="18" form="πρὸς" lemma="πρός" postag="r--------" relation="" head=""/>
      <word id="19" form="ὅν" lemma="ὅς" postag="p-s---ma-" relation="" head=""/>
      <word id="20" form="," lemma="punc1" postag="u--------" relation="AuxX" head="0"/>
      <word id="21" form="καὶ" lemma="καί" postag="c--------" relation="" head=""/>
      <word id="22" form="τὸ" lemma="ὁ" postag="l-s---nn-" relation="" head=""/>
      <word id="23" form="τέλος" lemma="τέλος" postag="n-s---nn-" relation="" head=""/>
      <word id="24" form="πρὸς" lemma="πρός" postag="r--------" relation="" head=""/>
      <word id="25" form="τοῦτόν" lemma="οὗτος" postag="p-s---ma-" relation="" head=""/>
      <word id="26" form="ἐστιν" lemma="εἰμί" postag="v3spia---" relation="" head=""/>
      <word id="27" form="," lemma="punc1" postag="u--------" relation="AuxX" head="0"/>
      <word id="28" form="λέγω" lemma="λέγω3" postag="v1spia---" relation="" head=""/>
      <word id="29" form="δὲ" lemma="δέ" postag="d--------" relation="" head=""/>
      <word id="30" form="τὸν" lemma="ὁ" postag="l-s---ma-" relation="" head=""/>
      <word id="31" form="ἀκροατήν" lemma="ἀκροατής" postag="n-s---ma-" relation="" head=""/>
      <word id="32" form="." lemma="punc1" postag="u--------" relation="AuxK" head="0"/>
   </sentence>
   <sentence id="4" document_id="" subdoc="" span="">
      <word id="1" form="ἀνάγκη" lemma="ἀνάγκη" postag="n-s---fn-" relation="" head=""/>
      <word id="2" form="δὲ" lemma="δέ" postag="d--------" relation="" head=""/>
      <word id="3" form="τὸν" lemma="ὁ" postag="l-s---ma-" relation="" head=""/>
      <word id="4" form="ἀκροατὴν" lemma="ἀκροατής" postag="n-s---ma-" relation="" head=""/>
      <word id="5" form="ἢ" lemma="ἤ1" postag="c--------" relation="" head=""/>
      <word id="6" form="θεωρὸν" lemma="θεωρός" postag="n-s---ma-" relation="" head=""/>
      <word id="7" form="εἶναι" lemma="εἰμί" postag="v--pna---" relation="" head=""/>
      <word id="8" form="ἢ" lemma="ἤ1" postag="c--------" relation="" head=""/>
      <word id="9" form="κριτήν" lemma="κριτής" postag="n-s---ma-" relation="" head=""/>
      <word id="10" form="," lemma="punc1" postag="u--------" relation="AuxX" head="0"/>
      <word id="11" form="κριτὴν" lemma="κριτής" postag="n-s---ma-" relation="" head=""/>
      <word id="12" form="δὲ" lemma="δέ" postag="d--------" relation="" head=""/>
      <word id="13" form="ἢ" lemma="ἤ1" postag="c--------" relation="" head=""/>
      <word id="14" form="τῶν" lemma="ὁ" postag="l-p---ng-" relation="" head=""/>
      <word id="15" form="γεγενημένων" lemma="γίγνομαι" postag="v-prpeng-" relation="" head=""/>
      <word id="16" form="ἢ" lemma="ἤ1" postag="c--------" relation="" head=""/>
      <word id="17" form="τῶν" lemma="ὁ" postag="l-p---ng-" relation="" head=""/>
      <word id="18" form="μελλόντων" lemma="μέλλω" postag="v-pppang-" relation="" head=""/>
      <word id="19" form="." lemma="punc1" postag="u--------" relation="AuxK" head="0"/>
   </sentence>
   <sentence id="5" document_id="" subdoc="" span="">
      <word id="1" form="ἔστιν" lemma="εἰμί" postag="v3spia---" relation="" head=""/>
      <word id="2" form="δʼ" lemma="δέ" postag="d-------_" relation="" head=""/>
      <word id="3" form="ὁ" lemma="ὁ" postag="l-s---mn-" relation="" head=""/>
      <word id="4" form="μὲν" lemma="μέν" postag="d--------" relation="" head=""/>
      <word id="5" form="περὶ" lemma="περί" postag="r--------" relation="" head=""/>
      <word id="6" form="τῶν" lemma="ὁ" postag="l-p---ng-" relation="" head=""/>
      <word id="7" form="μελλόντων" lemma="μέλλω" postag="v-pppang-" relation="" head=""/>
      <word id="8" form="κρίνων" lemma="κρίνω" postag="v-sppamn-" relation="" head=""/>
      <word id="9" form="ὁ" lemma="ὁ" postag="l-s---mn-" relation="" head=""/>
      <word id="10" form="ἐκκλησιαστής" lemma="ἐκκλησιαστής" postag="n-s---mn-" relation="" head=""/>
      <word id="11" form="," lemma="punc1" postag="u--------" relation="AuxX" head="0"/>
      <word id="12" form="ὁ" lemma="ὁ" postag="l-s---mn-" relation="" head=""/>
      <word id="13" form="δὲ" lemma="δέ" postag="d--------" relation="" head=""/>
      <word id="14" form="περὶ" lemma="περί" postag="r--------" relation="" head=""/>
      <word id="15" form="τῶν" lemma="ὁ" postag="l-p---ng-" relation="" head=""/>
      <word id="16" form="γεγενημένων" lemma="γίγνομαι" postag="v-prpeng-" relation="" head=""/>
      <word id="17" form="οἷον" lemma="οἷος" postag="a-s---na-" relation="" head=""/>
      <word id="18" form="ὁ" lemma="ὁ" postag="l-s---mn-" relation="" head=""/>
      <word id="19" form="δικαστής" lemma="δικαστής" postag="n-s---mn-" relation="" head=""/>
      <word id="20" form="," lemma="punc1" postag="u--------" relation="AuxX" head="0"/>
      <word id="21" form="ὁ" lemma="ὁ" postag="l-s---mn-" relation="" head=""/>
      <word id="22" form="δὲ" lemma="δέ" postag="d--------" relation="" head=""/>
      <word id="23" form="περὶ" lemma="περί" postag="r--------" relation="" head=""/>
      <word id="24" form="τῆς" lemma="ὁ" postag="l-s---fg-" relation="" head=""/>
      <word id="25" form="δυνάμεως" lemma="δύναμις" postag="n-s---fg-" relation="" head=""/>
      <word id="26" form="ὁ" lemma="ὁ" postag="l-s---mn-" relation="" head=""/>
      <word id="27" form="θεωρός" lemma="θεωρός" postag="n-s---mn-" relation="" head=""/>
      <word id="28" form="," lemma="punc1" postag="u--------" relation="AuxX" head="0"/>
      <word id="29" form="ὥστʼ" lemma="ὥστε" postag="c--------" relation="" head=""/>
      <word id="30" form="ἐξ" lemma="ἐκ" postag="r--------" relation="" head=""/>
      <word id="31" form="ἀνάγκης" lemma="ἀνάγκη" postag="n-s---fg-" relation="" head=""/>
      <word id="32" form="ἂν" lemma="ἄν1" postag="d--------" relation="" head=""/>
      <word id="33" form="εἴη" lemma="εἰμί" postag="v3spoa---" relation="" head=""/>
      <word id="34" form="τρία" lemma="τρεῖς" postag="m-p---nn-" relation="" head=""/>
      <word id="35" form="γένη" lemma="γένος" postag="n-p---nn-" relation="" head=""/>
      <word id="36" form="τῶν" lemma="ὁ" postag="l-p---mg-" relation="" head=""/>
      <word id="37" form="λόγων" lemma="λόγος" postag="n-p---mg-" relation="" head=""/>
      <word id="38" form="τῶν" lemma="ὁ" postag="l-p---mg-" relation="" head=""/>
      <word id="39" form="ῥητορικῶν" lemma="ῥητορικός" postag="a-p---mg-" relation="" head=""/>
      <word id="40" form="," lemma="punc1" postag="u--------" relation="AuxX" head="0"/>
      <word id="41" form="συμβουλευτικόν" lemma="συμβουλευτικός" postag="a-s---nn-" relation="" head=""/>
      <word id="42" form="," lemma="punc1" postag="u--------" relation="AuxX" head="0"/>
      <word id="43" form="δικανικόν" lemma="δικανικός" postag="a-s---nn-" relation="" head=""/>
      <word id="44" form="," lemma="punc1" postag="u--------" relation="AuxX" head="0"/>
      <word id="45" form="ἐπιδεικτικόν" lemma="ἐπιδεικτικός" postag="a-s---nn-" relation="" head=""/>
      <word id="46" form="." lemma="punc1" postag="u--------" relation="AuxK" head="0"/>
   </sentence>
   <sentence id="6" document_id="" subdoc="" span="">
      <word id="1" form="συμβουλῆς" lemma="συμβουλή" postag="n-s---fg-" relation="" head=""/>
      <word id="2" form="δὲ" lemma="δέ" postag="d--------" relation="" head=""/>
      <word id="3" form="τὸ" lemma="ὁ" postag="l-s---nn-" relation="" head=""/>
      <word id="4" form="μὲν" lemma="μέν" postag="d--------" relation="" head=""/>
      <word id="5" form="προτροπή" lemma="προτροπή" postag="n-s---fn-" relation="" head=""/>
      <word id="6" form="," lemma="punc1" postag="u--------" relation="AuxX" head="0"/>
      <word id="7" form="τὸ" lemma="ὁ" postag="l-s---nn-" relation="" head=""/>
      <word id="8" form="δὲ" lemma="δέ" postag="d--------" relation="" head=""/>
      <word id="9" form="ἀποτροπή" lemma="ἀποτροπή" postag="n-s---fn-" relation="" head=""/>
      <word id="10" form="·" lemma="punc1" postag="u--------" relation="AuxK" head="0"/>
   </sentence>
   <sentence id="7" document_id="" subdoc="" span="">
      <word id="1" form="ἀεὶ" lemma="ἀεί" postag="d--------" relation="" head=""/>
      <word id="2" form="γὰρ" lemma="γάρ" postag="d--------" relation="" head=""/>
      <word id="3" form="καὶ" lemma="καί" postag="c--------" relation="" head=""/>
      <word id="4" form="οἱ" lemma="ὁ" postag="l-p---mn-" relation="" head=""/>
      <word id="5" form="ἰδίᾳ" lemma="ἰδίᾳ" postag="d-------p" relation="" head=""/>
      <word id="6" form="συμβουλεύοντες" lemma="συμβουλεύω" postag="v-pppamn-" relation="" head=""/>
      <word id="7" form="καὶ" lemma="καί" postag="c--------" relation="" head=""/>
      <word id="8" form="οἱ" lemma="ὁ" postag="l-p---mn-" relation="" head=""/>
      <word id="9" form="κοινῇ" lemma="κοινῇ" postag="d--------" relation="" head=""/>
      <word id="10" form="δημηγοροῦντες" lemma="δημηγορέω" postag="v-pppamn-" relation="" head=""/>
      <word id="11" form="τούτων" lemma="οὗτος" postag="p-p---ng-" relation="" head=""/>
      <word id="12" form="θάτερον" lemma="ἕτερος" postag="a-s---na-" relation="" head=""/>
      <word id="13" form="ποιοῦσιν" lemma="ποιέω" postag="v3ppia---" relation="" head=""/>
      <word id="14" form="." lemma="punc1" postag="u--------" relation="AuxK" head="0"/>
   </sentence>
   <sentence id="8" document_id="" subdoc="" span="">
      <word id="1" form="δίκης" lemma="δίκη" postag="n-s---fg-" relation="" head=""/>
      <word id="2" form="δὲ" lemma="δέ" postag="d--------" relation="" head=""/>
      <word id="3" form="τὸ" lemma="ὁ" postag="l-s---nn-" relation="" head=""/>
      <word id="4" form="μὲν" lemma="μέν" postag="d--------" relation="" head=""/>
      <word id="5" form="κατηγορία" lemma="κατηγορία" postag="n-s---fn-" relation="" head=""/>
      <word id="6" form="," lemma="punc1" postag="u--------" relation="AuxX" head="0"/>
      <word id="7" form="τὸ" lemma="ὁ" postag="l-s---nn-" relation="" head=""/>
      <word id="8" form="δʼ" lemma="δέ" postag="d-------_" relation="" head=""/>
      <word id="9" form="ἀπολογία" lemma="ἀπολογία" postag="n-s---fn-" relation="" head=""/>
      <word id="10" form="·" lemma="punc1" postag="u--------" relation="AuxK" head="0"/>
   </sentence>
   <sentence id="9" document_id="" subdoc="" span="">
      <word id="1" form="τούτων" lemma="οὗτος" postag="p-p---fg-" relation="" head=""/>
      <word id="2" form="γὰρ" lemma="γάρ" postag="d--------" relation="" head=""/>
      <word id="3" form="ὁποτερονοῦν" lemma="ὁπότερος" postag="a-s---na-" relation="" head=""/>
      <word id="4" form="ποιεῖν" lemma="ποιέω" postag="v--pna---" relation="" head=""/>
      <word id="5" form="ἀνάγκη" lemma="ἀνάγκη" postag="n-s---fn-" relation="" head=""/>
      <word id="6" form="τοὺς" lemma="ὁ" postag="l-p---ma-" relation="" head=""/>
      <word id="7" form="ἀμφισβητοῦντας" lemma="ἀμφισβητέω" postag="v-pppama-" relation="" head=""/>
      <word id="8" form="." lemma="punc1" postag="u--------" relation="AuxK" head="0"/>
   </sentence>
   <sentence id="10" document_id="" subdoc="" span="">
      <word id="1" form="ἐπιδεικτικοῦ" lemma="ἐπιδεικτικός" postag="a-s---ng-" relation="" head=""/>
      <word id="2" form="δὲ" lemma="δέ" postag="d--------" relation="" head=""/>
      <word id="3" form="τὸ" lemma="ὁ" postag="l-s---nn-" relation="" head=""/>
      <word id="4" form="μὲν" lemma="μέν" postag="d--------" relation="" head=""/>
      <word id="5" form="ἔπαινος" lemma="ἔπαινος" postag="n-s---mn-" relation="" head=""/>
      <word id="6" form="τὸ" lemma="ὁ" postag="l-s---nn-" relation="" head=""/>
      <word id="7" form="δὲ" lemma="δέ" postag="d--------" relation="" head=""/>
      <word id="8" form="ψόγος" lemma="ψόγος" postag="n-s---mn-" relation="" head=""/>
      <word id="9" form="." lemma="punc1" postag="u--------" relation="AuxK" head="0"/>
   </sentence>
</treebank>
